soil_type,season,temperature,humidity,rainfall,crop
clay,Kharif,24.2,75.5,142.32,Rice
clay,Kharif,29.41,87.84,128.69,Rice
alluvial,Kharif,24.25,71.87,143.27,Rice
clay,Kharif,28.49,84.32,190.13,Rice
alluvial,Kharif,25.76,81.79,200.94,Rice
clay,Kharif,30.07,73.19,162.26,Rice
alluvial,Kharif,25.24,89.14,153.66,Rice
clay,Kharif,27.04,77.18,154.4,Rice
alluvial,Kharif,30.46,84.59,173.62,Rice
alluvial,Kharif,24.63,75.86,182.86,Rice
alluvial,Kharif,28.62,84.09,124.58,Rice
clay,Kharif,30.18,89.7,205.53,Rice
clay,Kharif,27.04,79.07,203.41,Rice
clay,Kharif,26.96,74.19,146.7,Rice
clay,Kharif,28.87,73.42,192.91,Rice
clay,Kharif,27.7,75.4,212.54,Rice
clay,Kharif,29.48,86.86,197.6,Rice
clay,Kharif,30.57,86.1,160.12,Rice
clay,Kharif,25.69,88.86,207.64,Rice
alluvial,Kharif,25.7,79.98,208.47,Rice
alluvial,Kharif,25.14,72.79,194.5,Rice
alluvial,Kharif,29.98,78.57,178.35,Rice
alluvial,Kharif,25.75,89.95,170.95,Rice
clay,Kharif,30.05,87.22,135.28,Rice
clay,Kharif,30.34,78.44,126.35,Rice
alluvial,Kharif,28.77,79.36,145.14,Rice
clay,Kharif,29.44,72.29,208.48,Rice
alluvial,Kharif,30.15,76.8,149.35,Rice
clay,Kharif,27.63,89.08,207.59,Rice
alluvial,Kharif,31.78,85.24,170.77,Rice
clay,Kharif,30.96,75.97,183.89,Rice
clay,Kharif,25.22,85.25,173.94,Rice
clay,Kharif,28.79,79.77,131.19,Rice
alluvial,Kharif,31.03,86.63,150.75,Rice
clay,Kharif,25.93,81.35,127.88,Rice
alluvial,Kharif,30.53,89.56,173.27,Rice
clay,Kharif,25.03,79.51,174.98,Rice
alluvial,Kharif,28.22,82.13,216.44,Rice
clay,Kharif,29.7,77.98,187.17,Rice
alluvial,Kharif,27.5,80.35,132.1,Rice
clay,Kharif,24.51,70.42,175.39,Rice
clay,Kharif,24.06,84.16,125.89,Rice
clay,Kharif,31.24,87.19,127.09,Rice
clay,Kharif,26.23,79.71,173.92,Rice
alluvial,Kharif,25.94,79.46,160.71,Rice
clay,Kharif,24.78,78.62,162.36,Rice
alluvial,Kharif,30.91,71.08,185.35,Rice
clay,Kharif,24.48,84.56,200.06,Rice
clay,Kharif,25.99,73.8,164.86,Rice
alluvial,Kharif,25.47,79.25,207.45,Rice
clay,Kharif,27.55,87.23,175.03,Rice
clay,Kharif,29.22,80.81,121.48,Rice
clay,Kharif,31.41,86.97,136.63,Rice
alluvial,Kharif,27.85,87.29,210.24,Rice
clay,Kharif,27.03,89.71,146.52,Rice
alluvial,Kharif,26.28,83.93,193.05,Rice
alluvial,Kharif,25.24,75.93,216.87,Rice
clay,Kharif,29.98,71.14,178.42,Rice
clay,Kharif,24.46,80.16,205.13,Rice
clay,Kharif,28.76,83.5,143.52,Rice
clay,Kharif,31.53,81.39,177.89,Rice
clay,Kharif,28.96,78.38,178.37,Rice
alluvial,Kharif,31.48,74.09,191.62,Rice
clay,Kharif,26.12,72.62,184.55,Rice
alluvial,Kharif,26.53,85.04,127.25,Rice
alluvial,Kharif,28.97,81.26,130.0,Rice
clay,Kharif,28.05,72.65,154.9,Rice
clay,Kharif,31.03,77.39,135.77,Rice
alluvial,Kharif,28.89,89.74,185.4,Rice
clay,Kharif,29.34,81.09,213.18,Rice
clay,Kharif,31.51,72.69,131.54,Rice
clay,Kharif,29.94,73.11,148.18,Rice
clay,Kharif,29.74,74.07,183.42,Rice
alluvial,Kharif,28.04,75.02,210.82,Rice
clay,Kharif,24.74,78.47,147.67,Rice
clay,Kharif,26.67,72.62,217.98,Rice
clay,Kharif,29.93,81.03,162.77,Rice
clay,Kharif,24.89,88.9,189.1,Rice
clay,Kharif,28.36,86.69,178.25,Rice
clay,Kharif,27.44,70.84,156.47,Rice
clay,Kharif,31.19,74.2,144.95,Rice
clay,Kharif,26.83,81.2,207.47,Rice
clay,Kharif,31.41,74.73,136.25,Rice
clay,Kharif,31.05,70.5,193.66,Rice
alluvial,Kharif,30.26,78.23,186.99,Rice
clay,Kharif,26.13,85.75,130.81,Rice
clay,Kharif,30.87,74.45,201.66,Rice
alluvial,Kharif,26.8,86.41,207.13,Rice
clay,Kharif,24.19,73.86,152.83,Rice
clay,Kharif,31.74,75.58,184.15,Rice
alluvial,Kharif,29.44,86.87,153.11,Rice
clay,Kharif,24.92,89.41,137.86,Rice
alluvial,Kharif,24.31,81.93,154.57,Rice
alluvial,Kharif,27.49,89.68,131.56,Rice
clay,Kharif,26.04,84.18,120.17,Rice
clay,Kharif,26.91,71.4,186.42,Rice
alluvial,Kharif,28.99,83.27,132.46,Rice
alluvial,Kharif,28.06,83.34,152.62,Rice
alluvial,Kharif,28.44,73.84,186.49,Rice
alluvial,Kharif,29.42,88.06,181.55,Rice
alluvial,Kharif,27.25,86.67,150.39,Rice
clay,Kharif,27.44,81.6,185.47,Rice
alluvial,Kharif,27.53,83.51,171.12,Rice
clay,Kharif,29.27,75.68,186.39,Rice
alluvial,Kharif,24.75,89.04,143.49,Rice
alluvial,Kharif,25.8,73.98,122.44,Rice
clay,Kharif,31.87,82.23,196.85,Rice
alluvial,Kharif,27.32,82.6,139.44,Rice
alluvial,Kharif,27.96,74.88,185.61,Rice
clay,Kharif,31.14,87.21,208.55,Rice
alluvial,Kharif,25.75,86.08,189.59,Rice
alluvial,Kharif,24.4,74.98,204.83,Rice
alluvial,Kharif,25.07,79.29,173.11,Rice
alluvial,Kharif,31.6,87.83,181.27,Rice
alluvial,Kharif,30.64,80.96,209.72,Rice
alluvial,Kharif,27.6,85.04,203.99,Rice
alluvial,Kharif,30.13,80.43,182.67,Rice
alluvial,Kharif,27.52,84.27,143.45,Rice
alluvial,Kharif,26.56,80.8,133.84,Rice
clay,Kharif,27.06,73.06,141.4,Rice
alluvial,Kharif,27.26,80.85,161.58,Rice
clay,Kharif,30.66,77.79,196.98,Rice
clay,Kharif,30.85,85.31,158.04,Rice
clay,Kharif,31.54,75.97,159.0,Rice
alluvial,Kharif,28.31,84.69,199.99,Rice
clay,Kharif,27.91,75.46,168.56,Rice
alluvial,Kharif,26.69,83.58,160.43,Rice
clay,Kharif,30.72,88.39,218.07,Rice
clay,Kharif,31.26,81.84,186.3,Rice
clay,Kharif,29.14,72.71,166.17,Rice
clay,Kharif,26.08,76.55,165.47,Rice
alluvial,Kharif,30.09,77.58,195.2,Rice
alluvial,Kharif,26.02,71.64,121.94,Rice
clay,Kharif,32.0,77.0,185.01,Rice
clay,Kharif,30.03,88.99,139.94,Rice
clay,Kharif,28.97,74.77,167.36,Rice
clay,Kharif,28.51,74.36,189.95,Rice
alluvial,Kharif,25.34,82.14,194.79,Rice
clay,Kharif,30.22,73.28,151.1,Rice
clay,Kharif,31.43,81.52,210.8,Rice
alluvial,Kharif,27.17,84.3,127.6,Rice
clay,Kharif,24.82,85.45,205.03,Rice
clay,Kharif,30.37,81.32,124.11,Rice
alluvial,Kharif,29.29,71.38,184.75,Rice
clay,Kharif,30.8,86.45,130.55,Rice
alluvial,Kharif,29.08,86.57,190.73,Rice
alluvial,Kharif,25.41,80.43,185.05,Rice
alluvial,Kharif,27.72,86.51,179.25,Rice
alluvial,Kharif,30.81,86.61,128.67,Rice
alluvial,Kharif,25.95,79.29,181.03,Rice
alluvial,Rabi,18.36,49.89,53.0,Wheat
alluvial,Rabi,17.12,55.96,53.61,Wheat
alluvial,Rabi,20.56,50.33,47.64,Wheat
loamy,Rabi,22.2,49.77,70.33,Wheat
alluvial,Rabi,21.46,49.82,71.72,Wheat
loamy,Rabi,17.94,48.09,49.73,Wheat
alluvial,Rabi,19.73,50.62,57.02,Wheat
alluvial,Rabi,18.52,49.07,52.26,Wheat
loamy,Rabi,16.21,43.85,44.78,Wheat
loamy,Rabi,16.92,54.77,51.06,Wheat
alluvial,Rabi,24.81,56.65,51.85,Wheat
alluvial,Rabi,16.79,40.28,61.37,Wheat
alluvial,Rabi,15.46,41.09,51.69,Wheat
loamy,Rabi,21.38,55.06,44.1,Wheat
loamy,Rabi,20.74,49.39,57.62,Wheat
loamy,Rabi,24.65,45.05,74.47,Wheat
loamy,Rabi,23.22,48.01,42.96,Wheat
loamy,Rabi,16.52,56.22,77.97,Wheat
loamy,Rabi,24.94,42.37,70.58,Wheat
loamy,Rabi,22.76,47.61,76.34,Wheat
alluvial,Rabi,23.6,59.8,52.22,Wheat
loamy,Rabi,21.1,54.8,77.9,Wheat
loamy,Rabi,21.26,45.29,43.25,Wheat
loamy,Rabi,16.74,41.5,40.11,Wheat
alluvial,Rabi,21.89,49.4,41.31,Wheat
alluvial,Rabi,22.07,54.06,58.16,Wheat
loamy,Rabi,24.24,55.76,65.0,Wheat
loamy,Rabi,19.25,50.89,65.91,Wheat
alluvial,Rabi,23.27,41.43,46.64,Wheat
alluvial,Rabi,20.95,56.48,76.85,Wheat
alluvial,Rabi,16.24,53.77,67.99,Wheat
alluvial,Rabi,20.0,49.88,43.22,Wheat
loamy,Rabi,23.89,54.69,64.15,Wheat
loamy,Rabi,15.91,59.24,73.44,Wheat
loamy,Rabi,25.0,53.45,50.78,Wheat
loamy,Rabi,22.63,43.5,60.76,Wheat
alluvial,Rabi,24.16,43.63,63.41,Wheat
alluvial,Rabi,24.69,49.4,56.33,Wheat
alluvial,Rabi,21.7,57.15,53.19,Wheat
alluvial,Rabi,17.88,58.9,72.54,Wheat
loamy,Rabi,19.55,46.29,52.93,Wheat
alluvial,Rabi,23.65,56.5,40.05,Wheat
alluvial,Rabi,19.13,43.75,54.47,Wheat
alluvial,Rabi,21.25,55.2,48.14,Wheat
loamy,Rabi,24.28,48.76,67.93,Wheat
loamy,Rabi,15.29,52.6,71.97,Wheat
loamy,Rabi,18.11,40.27,56.32,Wheat
loamy,Rabi,24.92,58.26,58.46,Wheat
loamy,Rabi,21.48,43.08,77.31,Wheat
alluvial,Rabi,20.09,45.47,73.39,Wheat
alluvial,Rabi,17.44,51.03,55.34,Wheat
loamy,Rabi,23.64,45.52,71.6,Wheat
alluvial,Rabi,18.4,55.75,50.69,Wheat
loamy,Rabi,17.83,45.97,63.48,Wheat
alluvial,Rabi,23.65,48.93,59.37,Wheat
alluvial,Rabi,20.52,50.87,58.21,Wheat
alluvial,Rabi,23.7,59.62,49.55,Wheat
alluvial,Rabi,17.34,55.51,41.75,Wheat
alluvial,Rabi,22.05,56.23,55.44,Wheat
loamy,Rabi,19.95,40.74,60.09,Wheat
alluvial,Rabi,23.7,57.48,57.61,Wheat
alluvial,Rabi,15.15,42.88,74.84,Wheat
loamy,Rabi,15.75,55.63,50.6,Wheat
alluvial,Rabi,21.5,57.04,74.09,Wheat
alluvial,Rabi,24.54,52.54,75.5,Wheat
alluvial,Rabi,23.72,40.72,42.74,Wheat
alluvial,Rabi,24.97,54.94,57.36,Wheat
loamy,Rabi,22.6,54.08,44.02,Wheat
loamy,Rabi,21.94,58.07,41.84,Wheat
loamy,Rabi,17.93,47.5,45.82,Wheat
alluvial,Rabi,20.66,55.85,46.8,Wheat
loamy,Rabi,21.09,47.65,67.33,Wheat
alluvial,Rabi,24.13,42.86,58.45,Wheat
alluvial,Rabi,19.6,53.34,75.96,Wheat
alluvial,Rabi,24.01,53.55,46.32,Wheat
alluvial,Rabi,24.45,59.75,51.97,Wheat
alluvial,Rabi,21.9,49.14,52.08,Wheat
alluvial,Rabi,23.53,42.13,55.25,Wheat
alluvial,Rabi,20.75,59.85,51.81,Wheat
alluvial,Rabi,17.74,51.32,67.43,Wheat
loamy,Rabi,24.11,54.9,73.31,Wheat
alluvial,Rabi,22.76,44.6,72.08,Wheat
loamy,Rabi,21.37,52.42,67.11,Wheat
loamy,Rabi,21.28,58.07,65.85,Wheat
alluvial,Rabi,22.89,40.67,54.59,Wheat
loamy,Rabi,15.9,45.9,69.9,Wheat
loamy,Rabi,17.01,55.73,75.06,Wheat
alluvial,Rabi,20.31,58.27,73.22,Wheat
alluvial,Rabi,24.14,58.88,78.7,Wheat
alluvial,Rabi,22.47,46.77,44.61,Wheat
loamy,Rabi,16.41,59.33,74.41,Wheat
alluvial,Rabi,24.67,56.09,54.63,Wheat
alluvial,Rabi,15.14,50.73,58.19,Wheat
alluvial,Rabi,20.85,56.45,77.61,Wheat
loamy,Rabi,21.75,49.43,64.78,Wheat
alluvial,Rabi,24.15,44.43,42.53,Wheat
alluvial,Rabi,24.09,46.04,56.33,Wheat
loamy,Rabi,15.45,40.74,79.84,Wheat
loamy,Rabi,15.97,57.75,45.43,Wheat
alluvial,Rabi,18.71,58.99,67.86,Wheat
alluvial,Rabi,20.87,54.53,75.42,Wheat
loamy,Rabi,23.34,52.31,77.56,Wheat
alluvial,Rabi,15.33,47.41,57.74,Wheat
loamy,Rabi,23.55,41.99,67.43,Wheat
alluvial,Rabi,15.61,45.52,78.73,Wheat
alluvial,Rabi,15.92,44.24,65.58,Wheat
loamy,Rabi,15.51,46.67,79.55,Wheat
loamy,Rabi,15.69,55.3,48.29,Wheat
loamy,Rabi,23.13,44.66,70.97,Wheat
loamy,Rabi,17.77,59.68,79.5,Wheat
alluvial,Rabi,22.99,42.2,74.66,Wheat
loamy,Rabi,15.15,55.8,49.52,Wheat
alluvial,Rabi,15.16,45.31,45.07,Wheat
alluvial,Rabi,20.26,54.91,59.05,Wheat
alluvial,Rabi,20.13,42.18,60.15,Wheat
loamy,Rabi,22.27,58.18,66.36,Wheat
alluvial,Rabi,19.58,59.28,42.43,Wheat
alluvial,Rabi,23.47,48.53,44.32,Wheat
alluvial,Rabi,15.73,41.62,64.33,Wheat
loamy,Rabi,16.26,52.49,63.41,Wheat
alluvial,Rabi,18.81,51.95,51.8,Wheat
alluvial,Rabi,15.99,54.04,74.11,Wheat
loamy,Rabi,19.3,57.76,56.55,Wheat
alluvial,Rabi,18.99,54.59,52.5,Wheat
alluvial,Rabi,21.65,47.49,46.11,Wheat
alluvial,Rabi,15.67,56.64,43.73,Wheat
loamy,Rabi,22.45,47.45,45.2,Wheat
loamy,Rabi,20.86,51.23,53.19,Wheat
loamy,Rabi,19.11,57.47,77.65,Wheat
alluvial,Rabi,23.68,54.42,78.74,Wheat
alluvial,Rabi,18.52,51.56,48.51,Wheat
alluvial,Rabi,17.24,42.16,73.81,Wheat
alluvial,Rabi,16.15,45.57,49.05,Wheat
alluvial,Rabi,23.45,59.49,72.74,Wheat
loamy,Rabi,21.09,53.16,67.74,Wheat
loamy,Rabi,16.8,54.05,52.36,Wheat
alluvial,Rabi,18.51,43.63,45.73,Wheat
alluvial,Rabi,15.7,54.82,78.87,Wheat
loamy,Rabi,22.46,44.3,56.79,Wheat
alluvial,Rabi,16.57,46.23,52.98,Wheat
loamy,Rabi,23.83,43.11,70.18,Wheat
loamy,Rabi,21.74,45.44,66.48,Wheat
alluvial,Rabi,21.07,48.28,48.62,Wheat
loamy,Rabi,18.45,42.22,67.13,Wheat
alluvial,Rabi,20.27,46.17,48.82,Wheat
loamy,Rabi,15.08,46.03,48.45,Wheat
loamy,Rabi,22.64,45.79,44.8,Wheat
alluvial,Rabi,22.47,43.51,55.21,Wheat
loamy,Rabi,20.0,56.67,72.25,Wheat
loamy,Rabi,18.97,54.84,57.45,Wheat
loamy,Kharif,34.21,57.24,73.03,Groundnut
loamy,Kharif,32.09,48.35,54.61,Groundnut
sandy,Kharif,34.66,43.44,87.9,Groundnut
loamy,Kharif,33.32,58.4,53.53,Groundnut
sandy,Kharif,27.43,51.78,70.96,Groundnut
loamy,Kharif,33.71,54.92,58.86,Groundnut
sandy,Kharif,25.76,52.66,71.22,Groundnut
sandy,Kharif,34.06,46.99,79.1,Groundnut
sandy,Kharif,27.36,42.93,57.89,Groundnut
sandy,Kharif,32.6,53.11,57.09,Groundnut
loamy,Kharif,29.64,51.27,73.18,Groundnut
loamy,Kharif,33.64,52.54,56.04,Groundnut
sandy,Kharif,29.69,52.63,81.85,Groundnut
sandy,Kharif,28.52,41.48,68.47,Groundnut
sandy,Kharif,25.57,56.63,53.07,Groundnut
sandy,Kharif,31.15,50.14,68.51,Groundnut
sandy,Kharif,29.5,56.2,76.07,Groundnut
loamy,Kharif,31.05,50.03,88.31,Groundnut
loamy,Kharif,26.04,57.98,63.74,Groundnut
sandy,Kharif,30.05,43.45,59.91,Groundnut
loamy,Kharif,34.91,50.48,74.39,Groundnut
loamy,Kharif,28.73,45.66,66.35,Groundnut
loamy,Kharif,31.79,41.05,75.24,Groundnut
loamy,Kharif,25.66,41.89,77.14,Groundnut
loamy,Kharif,27.52,57.03,88.58,Groundnut
sandy,Kharif,28.33,51.65,55.66,Groundnut
loamy,Kharif,28.1,53.12,76.49,Groundnut
sandy,Kharif,30.95,58.76,62.38,Groundnut
loamy,Kharif,31.43,46.57,55.11,Groundnut
sandy,Kharif,31.46,48.47,64.47,Groundnut
loamy,Kharif,28.09,59.02,63.67,Groundnut
loamy,Kharif,26.92,60.0,56.2,Groundnut
loamy,Kharif,33.44,42.02,80.83,Groundnut
sandy,Kharif,31.62,57.53,74.72,Groundnut
loamy,Kharif,26.54,43.62,77.71,Groundnut
sandy,Kharif,32.21,40.87,64.57,Groundnut
sandy,Kharif,34.7,52.21,80.1,Groundnut
loamy,Kharif,27.34,44.78,88.62,Groundnut
loamy,Kharif,34.04,43.88,77.13,Groundnut
loamy,Kharif,29.62,45.64,65.27,Groundnut
loamy,Kharif,34.66,56.34,82.05,Groundnut
sandy,Kharif,33.73,41.04,69.22,Groundnut
loamy,Kharif,30.55,42.05,83.84,Groundnut
sandy,Kharif,27.85,55.26,60.91,Groundnut
sandy,Kharif,33.31,41.83,86.42,Groundnut
loamy,Kharif,33.85,58.61,66.6,Groundnut
loamy,Kharif,30.02,44.72,89.78,Groundnut
loamy,Kharif,27.25,46.37,53.96,Groundnut
loamy,Kharif,32.91,42.75,61.48,Groundnut
loamy,Kharif,31.96,42.78,78.22,Groundnut
loamy,Kharif,31.15,58.12,50.76,Groundnut
sandy,Kharif,33.35,50.98,79.09,Groundnut
loamy,Kharif,26.11,45.76,62.05,Groundnut
sandy,Kharif,27.38,52.78,74.91,Groundnut
sandy,Kharif,26.11,58.1,73.87,Groundnut
sandy,Kharif,31.32,51.5,78.74,Groundnut
loamy,Kharif,29.29,52.3,59.62,Groundnut
loamy,Kharif,26.87,53.36,70.94,Groundnut
loamy,Kharif,25.68,50.52,70.29,Groundnut
sandy,Kharif,28.9,49.4,75.43,Groundnut
loamy,Kharif,27.54,40.32,81.54,Groundnut
loamy,Kharif,27.41,53.14,54.15,Groundnut
loamy,Kharif,26.33,47.05,63.54,Groundnut
sandy,Kharif,33.3,53.69,89.23,Groundnut
loamy,Kharif,31.32,56.23,52.52,Groundnut
loamy,Kharif,25.37,44.03,81.64,Groundnut
sandy,Kharif,28.16,46.2,65.93,Groundnut
loamy,Kharif,27.53,55.07,57.64,Groundnut
loamy,Kharif,33.62,40.96,76.23,Groundnut
loamy,Kharif,26.24,47.36,85.58,Groundnut
loamy,Kharif,33.95,47.73,88.95,Groundnut
loamy,Kharif,31.92,47.35,81.89,Groundnut
loamy,Kharif,33.01,54.54,53.16,Groundnut
sandy,Kharif,30.45,46.42,53.2,Groundnut
loamy,Kharif,28.06,52.05,67.04,Groundnut
loamy,Kharif,28.52,40.85,84.8,Groundnut
loamy,Kharif,31.15,48.7,75.58,Groundnut
sandy,Kharif,25.75,52.75,64.53,Groundnut
sandy,Kharif,34.53,42.86,74.3,Groundnut
loamy,Kharif,25.35,41.34,81.14,Groundnut
loamy,Kharif,28.62,58.99,51.3,Groundnut
sandy,Kharif,31.79,58.98,64.88,Groundnut
sandy,Kharif,30.74,50.59,65.92,Groundnut
loamy,Kharif,27.5,42.27,79.43,Groundnut
loamy,Kharif,30.18,58.27,54.71,Groundnut
loamy,Kharif,32.04,44.29,74.48,Groundnut
loamy,Kharif,27.0,42.71,52.96,Groundnut
sandy,Kharif,33.99,48.9,53.51,Groundnut
loamy,Kharif,31.68,54.19,72.0,Groundnut
loamy,Kharif,33.91,57.03,78.47,Groundnut
sandy,Kharif,32.94,50.18,54.85,Groundnut
sandy,Kharif,32.92,44.73,69.76,Groundnut
loamy,Kharif,30.54,47.38,82.15,Groundnut
sandy,Kharif,31.12,41.72,62.37,Groundnut
loamy,Kharif,30.26,55.38,82.93,Groundnut
sandy,Kharif,26.25,46.34,52.97,Groundnut
loamy,Kharif,31.8,46.89,85.12,Groundnut
sandy,Kharif,32.68,42.58,70.11,Groundnut
sandy,Kharif,33.31,50.36,62.16,Groundnut
sandy,Kharif,28.23,54.19,63.84,Groundnut
loamy,Kharif,33.46,45.01,75.4,Groundnut
loamy,Kharif,26.25,46.06,71.34,Groundnut
sandy,Kharif,30.92,51.61,56.85,Groundnut
loamy,Kharif,33.43,51.27,83.01,Groundnut
sandy,Kharif,25.81,58.97,80.84,Groundnut
loamy,Kharif,31.51,55.34,66.66,Groundnut
sandy,Kharif,29.98,52.54,61.59,Groundnut
loamy,Kharif,29.83,56.09,77.4,Groundnut
loamy,Kharif,29.54,53.77,56.32,Groundnut
loamy,Kharif,29.84,44.08,74.27,Groundnut
loamy,Kharif,33.61,46.39,89.52,Groundnut
loamy,Kharif,34.75,42.62,64.82,Groundnut
sandy,Kharif,28.19,49.33,60.7,Groundnut
sandy,Kharif,26.41,41.01,87.82,Groundnut
loamy,Kharif,27.48,57.31,56.39,Groundnut
loamy,Kharif,34.34,54.42,57.59,Groundnut
sandy,Kharif,29.98,50.29,69.95,Groundnut
loamy,Kharif,29.97,41.8,65.73,Groundnut
loamy,Kharif,34.67,44.3,64.12,Groundnut
sandy,Kharif,27.81,51.95,83.71,Groundnut
loamy,Kharif,27.86,40.16,54.3,Groundnut
sandy,Kharif,33.82,54.55,80.55,Groundnut
loamy,Kharif,25.45,41.02,72.47,Groundnut
loamy,Kharif,30.53,41.47,70.17,Groundnut
loamy,Kharif,33.25,52.46,74.44,Groundnut
sandy,Kharif,34.75,47.88,81.8,Groundnut
loamy,Kharif,30.58,47.31,55.77,Groundnut
loamy,Kharif,30.0,40.91,55.48,Groundnut
loamy,Kharif,33.04,50.39,55.96,Groundnut
sandy,Kharif,28.28,52.26,56.5,Groundnut
loamy,Kharif,30.94,50.15,70.39,Groundnut
loamy,Kharif,32.09,46.0,82.63,Groundnut
loamy,Kharif,28.31,42.19,66.66,Groundnut
loamy,Kharif,32.97,54.51,77.52,Groundnut
sandy,Kharif,30.97,45.31,76.22,Groundnut
sandy,Kharif,32.21,51.67,56.82,Groundnut
loamy,Kharif,26.48,53.61,51.26,Groundnut
sandy,Kharif,26.91,48.82,66.75,Groundnut
loamy,Kharif,31.91,48.21,81.0,Groundnut
loamy,Kharif,33.73,54.72,52.49,Groundnut
sandy,Kharif,30.19,51.22,89.92,Groundnut
loamy,Kharif,30.25,46.28,56.93,Groundnut
loamy,Kharif,30.46,53.52,84.71,Groundnut
loamy,Kharif,31.1,43.85,59.86,Groundnut
loamy,Kharif,27.25,59.46,61.9,Groundnut
loamy,Kharif,32.05,53.8,69.56,Groundnut
loamy,Kharif,28.49,58.67,81.82,Groundnut
loamy,Kharif,27.88,51.47,71.73,Groundnut
loamy,Kharif,33.18,59.09,82.18,Groundnut
loamy,Kharif,25.42,59.11,53.16,Groundnut
loamy,Kharif,26.56,64.95,80.7,Soybean
loamy,Kharif,29.33,63.92,76.86,Soybean
black,Kharif,22.42,63.4,96.55,Soybean
black,Kharif,20.52,58.27,105.87,Soybean
black,Kharif,26.81,52.75,118.23,Soybean
black,Kharif,24.07,68.7,113.92,Soybean
loamy,Kharif,26.51,65.12,84.36,Soybean
loamy,Kharif,26.46,68.16,74.47,Soybean
black,Kharif,25.35,64.46,116.83,Soybean
black,Kharif,24.18,66.75,116.7,Soybean
black,Kharif,29.97,57.94,94.77,Soybean
loamy,Kharif,28.77,50.19,98.4,Soybean
black,Kharif,29.28,56.7,92.72,Soybean
loamy,Kharif,28.89,52.68,95.21,Soybean
loamy,Kharif,21.93,52.25,78.12,Soybean
loamy,Kharif,26.48,64.37,70.7,Soybean
loamy,Kharif,27.91,61.36,107.86,Soybean
black,Kharif,26.11,62.77,90.27,Soybean
loamy,Kharif,25.15,51.73,103.46,Soybean
black,Kharif,29.82,59.55,116.79,Soybean
black,Kharif,22.61,54.71,107.69,Soybean
loamy,Kharif,23.02,64.46,70.57,Soybean
loamy,Kharif,26.93,51.24,75.91,Soybean
loamy,Kharif,21.6,63.72,116.16,Soybean
loamy,Kharif,26.9,62.77,117.03,Soybean
loamy,Kharif,26.15,54.38,76.68,Soybean
black,Kharif,24.55,69.78,88.68,Soybean
loamy,Kharif,27.57,66.04,111.28,Soybean
black,Kharif,26.8,61.92,109.37,Soybean
loamy,Kharif,25.28,57.24,115.86,Soybean
black,Kharif,20.62,60.95,95.27,Soybean
black,Kharif,21.65,67.09,92.09,Soybean
black,Kharif,27.17,59.78,114.94,Soybean
loamy,Kharif,28.09,59.07,95.66,Soybean
loamy,Kharif,25.64,61.18,103.64,Soybean
loamy,Kharif,27.23,57.92,110.82,Soybean
black,Kharif,25.78,50.91,87.23,Soybean
black,Kharif,25.41,51.21,114.71,Soybean
loamy,Kharif,20.32,58.18,108.45,Soybean
loamy,Kharif,23.74,67.83,92.43,Soybean
loamy,Kharif,23.76,63.65,103.09,Soybean
black,Kharif,26.54,56.96,78.92,Soybean
loamy,Kharif,25.29,64.56,81.13,Soybean
black,Kharif,27.56,69.57,93.15,Soybean
loamy,Kharif,25.32,66.47,82.38,Soybean
loamy,Kharif,21.55,53.77,113.76,Soybean
black,Kharif,20.32,63.2,100.75,Soybean
black,Kharif,22.41,51.35,99.7,Soybean
loamy,Kharif,25.98,64.07,72.43,Soybean
black,Kharif,24.02,54.69,80.86,Soybean
black,Kharif,21.4,69.87,81.71,Soybean
loamy,Kharif,25.77,65.45,110.92,Soybean
black,Kharif,23.02,52.87,103.01,Soybean
black,Kharif,24.14,55.5,97.84,Soybean
black,Kharif,26.26,58.54,94.78,Soybean
loamy,Kharif,29.42,63.43,109.29,Soybean
loamy,Kharif,26.96,58.17,84.99,Soybean
black,Kharif,27.54,59.47,112.47,Soybean
loamy,Kharif,28.58,52.89,93.15,Soybean
black,Kharif,25.62,69.36,97.86,Soybean
black,Kharif,23.88,55.1,86.51,Soybean
black,Kharif,29.22,66.94,74.62,Soybean
black,Kharif,20.52,57.54,100.25,Soybean
black,Kharif,28.74,53.76,108.08,Soybean
black,Kharif,24.79,67.39,86.65,Soybean
black,Kharif,22.12,53.8,107.07,Soybean
loamy,Kharif,29.14,63.91,105.19,Soybean
loamy,Kharif,29.15,61.04,108.78,Soybean
loamy,Kharif,24.66,62.97,85.42,Soybean
loamy,Kharif,25.13,59.95,74.93,Soybean
loamy,Kharif,27.62,56.4,80.16,Soybean
loamy,Kharif,24.14,61.25,81.06,Soybean
black,Kharif,20.16,61.07,99.2,Soybean
loamy,Kharif,22.95,53.92,81.5,Soybean
black,Kharif,24.99,63.09,104.24,Soybean
loamy,Kharif,27.63,59.77,106.18,Soybean
loamy,Kharif,24.61,64.66,87.61,Soybean
black,Kharif,27.2,59.77,115.84,Soybean
black,Kharif,25.24,66.78,73.72,Soybean
black,Kharif,27.64,58.25,112.13,Soybean
black,Kharif,20.68,53.02,80.94,Soybean
loamy,Kharif,23.73,62.36,103.34,Soybean
loamy,Kharif,26.59,50.31,96.61,Soybean
loamy,Kharif,20.12,60.59,83.74,Soybean
loamy,Kharif,20.17,66.26,103.7,Soybean
black,Kharif,21.07,51.93,77.44,Soybean
black,Kharif,26.2,55.05,87.72,Soybean
loamy,Kharif,20.79,69.19,92.95,Soybean
black,Kharif,29.9,54.52,104.2,Soybean
black,Kharif,26.54,67.16,107.98,Soybean
black,Kharif,24.05,57.54,93.8,Soybean
black,Kharif,27.03,51.65,112.27,Soybean
loamy,Kharif,25.66,67.16,74.77,Soybean
black,Kharif,22.3,68.03,104.61,Soybean
loamy,Kharif,22.71,68.48,104.22,Soybean
loamy,Kharif,28.99,61.27,71.65,Soybean
loamy,Kharif,20.16,54.14,77.21,Soybean
loamy,Kharif,29.29,55.99,98.2,Soybean
loamy,Kharif,26.77,60.81,89.19,Soybean
black,Kharif,27.9,63.79,73.92,Soybean
loamy,Kharif,20.54,58.74,111.93,Soybean
loamy,Kharif,26.05,62.28,99.78,Soybean
loamy,Kharif,20.3,55.47,119.63,Soybean
loamy,Kharif,22.28,61.06,88.77,Soybean
black,Kharif,26.8,63.21,74.28,Soybean
loamy,Kharif,27.98,64.26,74.1,Soybean
black,Kharif,23.8,65.68,77.71,Soybean
loamy,Kharif,23.17,52.13,70.26,Soybean
loamy,Kharif,24.45,65.23,75.11,Soybean
black,Kharif,21.87,58.98,97.74,Soybean
loamy,Kharif,21.03,51.79,97.71,Soybean
loamy,Kharif,28.64,50.25,90.69,Soybean
black,Kharif,27.25,61.19,119.64,Soybean
black,Kharif,25.72,53.39,89.04,Soybean
black,Kharif,22.69,55.37,77.3,Soybean
black,Kharif,24.35,58.42,94.21,Soybean
black,Kharif,23.61,68.88,106.04,Soybean
loamy,Kharif,25.94,53.91,75.35,Soybean
loamy,Kharif,20.07,57.91,112.08,Soybean
loamy,Kharif,28.04,56.59,86.74,Soybean
black,Kharif,23.0,62.06,104.76,Soybean
loamy,Kharif,23.14,69.29,118.44,Soybean
loamy,Kharif,27.35,62.66,118.39,Soybean
black,Kharif,23.26,55.61,109.29,Soybean
loamy,Kharif,21.14,61.28,99.61,Soybean
black,Kharif,26.82,61.0,117.65,Soybean
loamy,Kharif,29.43,54.19,109.88,Soybean
black,Kharif,28.19,65.91,90.46,Soybean
loamy,Kharif,21.39,56.06,82.63,Soybean
black,Kharif,27.15,65.78,73.7,Soybean
loamy,Kharif,25.82,60.69,116.17,Soybean
loamy,Kharif,25.44,65.81,87.98,Soybean
black,Kharif,21.09,54.96,103.23,Soybean
black,Kharif,26.47,50.89,119.18,Soybean
loamy,Kharif,29.67,56.63,109.81,Soybean
black,Kharif,20.11,55.17,95.53,Soybean
black,Kharif,24.46,57.82,108.62,Soybean
black,Kharif,23.45,50.49,75.23,Soybean
loamy,Kharif,29.21,51.72,111.57,Soybean
black,Kharif,23.48,56.86,109.21,Soybean
loamy,Kharif,23.48,51.95,106.1,Soybean
loamy,Kharif,23.19,56.01,110.51,Soybean
black,Kharif,20.23,56.86,75.47,Soybean
black,Kharif,29.3,64.81,95.8,Soybean
black,Kharif,23.31,58.53,93.1,Soybean
loamy,Kharif,26.3,53.73,102.87,Soybean
loamy,Kharif,20.29,62.28,79.87,Soybean
loamy,Kharif,23.89,64.09,80.29,Soybean
black,Kharif,25.77,65.99,96.84,Soybean
loamy,Kharif,23.26,59.15,83.12,Soybean
alluvial,Kharif,22.75,67.78,89.85,Maize
alluvial,Kharif,23.28,61.96,102.28,Maize
loamy,Kharif,25.32,69.12,74.87,Maize
loamy,Kharif,24.05,61.26,71.93,Maize
loamy,Kharif,19.65,68.87,85.54,Maize
alluvial,Kharif,23.37,66.5,81.15,Maize
alluvial,Kharif,23.72,68.87,92.26,Maize
loamy,Kharif,22.99,64.79,67.01,Maize
alluvial,Kharif,25.58,67.39,103.28,Maize
loamy,Kharif,22.36,58.9,79.2,Maize
alluvial,Kharif,21.68,64.83,95.51,Maize
alluvial,Kharif,22.4,56.65,61.54,Maize
loamy,Kharif,20.63,60.5,86.88,Maize
loamy,Kharif,25.03,66.31,98.63,Maize
alluvial,Kharif,22.95,57.26,65.71,Maize
alluvial,Kharif,22.88,70.14,98.0,Maize
alluvial,Kharif,22.92,74.8,65.12,Maize
loamy,Kharif,20.68,74.99,82.49,Maize
alluvial,Kharif,25.76,56.74,103.26,Maize
loamy,Kharif,24.98,59.74,100.54,Maize
alluvial,Kharif,25.75,67.21,81.41,Maize
loamy,Kharif,25.06,71.27,100.27,Maize
alluvial,Kharif,22.79,66.94,68.42,Maize
alluvial,Kharif,20.6,60.35,102.9,Maize
loamy,Kharif,19.22,70.0,80.58,Maize
loamy,Kharif,26.93,72.34,66.34,Maize
loamy,Kharif,20.25,69.23,101.42,Maize
alluvial,Kharif,22.41,66.55,73.44,Maize
alluvial,Kharif,21.38,56.51,99.73,Maize
loamy,Kharif,21.63,70.0,94.74,Maize
alluvial,Kharif,22.09,64.76,89.1,Maize
loamy,Kharif,24.58,64.17,93.21,Maize
alluvial,Kharif,25.65,70.91,79.89,Maize
alluvial,Kharif,25.42,64.89,76.14,Maize
alluvial,Kharif,21.04,66.56,88.31,Maize
alluvial,Kharif,25.09,72.88,98.11,Maize
loamy,Kharif,18.9,70.68,82.98,Maize
loamy,Kharif,26.36,58.16,82.83,Maize
alluvial,Kharif,19.82,68.77,66.6,Maize
alluvial,Kharif,19.43,73.65,73.7,Maize
alluvial,Kharif,20.25,62.44,105.19,Maize
loamy,Kharif,18.47,67.51,96.3,Maize
loamy,Kharif,21.86,56.82,64.76,Maize
loamy,Kharif,22.29,57.65,71.31,Maize
alluvial,Kharif,18.08,68.91,100.86,Maize
alluvial,Kharif,24.25,64.55,71.45,Maize
loamy,Kharif,24.58,57.05,75.67,Maize
alluvial,Kharif,19.23,70.47,97.66,Maize
loamy,Kharif,23.77,68.54,63.42,Maize
loamy,Kharif,23.49,58.28,77.56,Maize
loamy,Kharif,23.65,58.03,80.59,Maize
alluvial,Kharif,25.74,56.73,65.02,Maize
loamy,Kharif,23.31,62.68,108.16,Maize
alluvial,Kharif,25.12,59.96,92.23,Maize
loamy,Kharif,22.98,67.0,90.38,Maize
loamy,Kharif,25.63,68.17,75.08,Maize
loamy,Kharif,24.73,60.91,62.73,Maize
loamy,Kharif,22.45,57.25,84.98,Maize
loamy,Kharif,22.75,74.55,109.34,Maize
alluvial,Kharif,19.19,72.22,88.42,Maize
alluvial,Kharif,22.92,58.46,83.55,Maize
loamy,Kharif,18.15,56.35,73.11,Maize
loamy,Kharif,26.3,73.97,79.9,Maize
alluvial,Kharif,23.66,65.02,80.77,Maize
alluvial,Kharif,18.74,65.73,90.8,Maize
alluvial,Kharif,18.75,56.58,106.05,Maize
loamy,Kharif,22.83,62.81,91.71,Maize
loamy,Kharif,20.79,63.75,107.67,Maize
loamy,Kharif,18.52,56.72,81.72,Maize
alluvial,Kharif,23.51,56.1,93.3,Maize
loamy,Kharif,19.07,69.16,95.07,Maize
loamy,Kharif,22.47,61.93,85.86,Maize
alluvial,Kharif,19.5,57.54,99.06,Maize
alluvial,Kharif,24.6,57.36,104.99,Maize
alluvial,Kharif,25.26,60.44,63.19,Maize
loamy,Kharif,22.47,65.22,62.77,Maize
loamy,Kharif,21.31,60.1,65.15,Maize
loamy,Kharif,20.06,65.18,62.2,Maize
loamy,Kharif,20.2,64.44,79.15,Maize
loamy,Kharif,19.61,74.21,61.77,Maize
alluvial,Kharif,20.02,59.97,105.79,Maize
alluvial,Kharif,20.44,56.56,78.64,Maize
loamy,Kharif,19.61,71.09,109.07,Maize
alluvial,Kharif,18.62,64.3,74.12,Maize
alluvial,Kharif,20.95,66.06,60.4,Maize
loamy,Kharif,20.62,70.69,96.98,Maize
loamy,Kharif,22.18,66.83,84.67,Maize
loamy,Kharif,24.59,65.93,99.8,Maize
loamy,Kharif,18.06,63.2,71.65,Maize
alluvial,Kharif,23.72,68.87,60.48,Maize
alluvial,Kharif,18.01,68.15,102.45,Maize
alluvial,Kharif,18.94,65.6,71.91,Maize
alluvial,Kharif,26.65,74.45,67.12,Maize
alluvial,Kharif,18.84,73.43,104.86,Maize
alluvial,Kharif,24.31,62.45,108.73,Maize
loamy,Kharif,23.23,65.11,91.86,Maize
alluvial,Kharif,18.67,66.36,81.75,Maize
loamy,Kharif,20.13,60.22,75.75,Maize
alluvial,Kharif,24.31,69.71,75.9,Maize
alluvial,Kharif,20.1,73.87,66.81,Maize
loamy,Kharif,19.4,58.29,83.3,Maize
alluvial,Kharif,19.09,62.17,98.52,Maize
alluvial,Kharif,20.77,60.3,66.0,Maize
loamy,Kharif,25.27,61.08,95.24,Maize
loamy,Kharif,19.94,72.13,67.42,Maize
loamy,Kharif,26.72,62.92,62.45,Maize
alluvial,Kharif,20.34,74.81,61.55,Maize
alluvial,Kharif,25.69,66.12,87.51,Maize
loamy,Kharif,22.16,71.08,66.99,Maize
loamy,Kharif,18.56,70.62,71.11,Maize
loamy,Kharif,25.41,62.44,91.51,Maize
loamy,Kharif,23.24,60.18,100.64,Maize
loamy,Kharif,26.97,58.96,92.3,Maize
loamy,Kharif,18.83,71.95,100.44,Maize
loamy,Kharif,18.38,64.22,68.4,Maize
alluvial,Kharif,25.4,62.9,61.47,Maize
alluvial,Kharif,19.56,59.29,69.36,Maize
alluvial,Kharif,22.01,57.97,90.71,Maize
loamy,Kharif,23.83,64.98,104.14,Maize
alluvial,Kharif,18.55,60.6,66.86,Maize
loamy,Kharif,23.78,70.94,72.46,Maize
loamy,Kharif,26.9,70.64,77.96,Maize
alluvial,Kharif,21.1,66.31,76.08,Maize
alluvial,Kharif,19.62,61.38,70.95,Maize
alluvial,Kharif,18.53,74.83,86.47,Maize
loamy,Kharif,26.77,57.0,92.84,Maize
alluvial,Kharif,22.8,70.82,96.85,Maize
loamy,Kharif,23.18,74.65,79.42,Maize
loamy,Kharif,19.58,66.85,100.31,Maize
alluvial,Kharif,26.23,55.56,95.03,Maize
loamy,Kharif,23.07,58.76,109.4,Maize
alluvial,Kharif,22.88,58.51,61.9,Maize
loamy,Kharif,20.09,59.38,86.32,Maize
loamy,Kharif,20.99,67.28,100.32,Maize
alluvial,Kharif,24.45,73.38,102.21,Maize
alluvial,Kharif,18.54,57.95,95.23,Maize
loamy,Kharif,24.97,71.93,103.03,Maize
loamy,Kharif,21.36,73.84,79.78,Maize
loamy,Kharif,21.03,61.45,108.79,Maize
alluvial,Kharif,25.13,74.21,92.46,Maize
loamy,Kharif,24.36,66.24,104.48,Maize
alluvial,Kharif,20.01,66.78,68.77,Maize
alluvial,Kharif,24.61,60.89,68.89,Maize
loamy,Kharif,26.54,73.97,79.58,Maize
loamy,Kharif,19.64,61.36,100.44,Maize
loamy,Kharif,23.76,57.08,84.81,Maize
alluvial,Kharif,24.71,59.76,109.12,Maize
loamy,Kharif,23.73,74.26,101.08,Maize
alluvial,Kharif,22.02,60.3,72.48,Maize
loamy,Kharif,21.15,70.74,96.02,Maize
black,Kharif,28.86,44.65,78.76,Cotton
black,Kharif,29.93,37.57,61.84,Cotton
black,Kharif,33.29,45.77,63.12,Cotton
black,Kharif,26.63,31.47,73.83,Cotton
black,Kharif,25.2,35.22,44.19,Cotton
black,Kharif,26.7,37.51,69.28,Cotton
black,Kharif,28.38,49.71,75.73,Cotton
black,Kharif,29.31,43.07,64.29,Cotton
black,Kharif,26.57,32.03,48.22,Cotton
black,Kharif,29.09,41.08,77.02,Cotton
black,Kharif,31.61,35.95,43.84,Cotton
black,Kharif,30.72,46.8,46.14,Cotton
black,Kharif,25.04,31.75,72.96,Cotton
black,Kharif,27.0,30.51,46.83,Cotton
black,Kharif,34.77,39.47,44.62,Cotton
black,Kharif,29.71,47.9,50.6,Cotton
black,Kharif,26.85,47.71,54.78,Cotton
black,Kharif,25.45,38.79,50.54,Cotton
black,Kharif,30.64,33.02,67.86,Cotton
black,Kharif,25.86,36.88,61.66,Cotton
black,Kharif,30.54,46.82,72.74,Cotton
black,Kharif,34.66,43.74,77.45,Cotton
black,Kharif,29.76,31.58,76.11,Cotton
black,Kharif,30.02,48.01,72.02,Cotton
black,Kharif,26.2,45.14,46.92,Cotton
black,Kharif,34.72,46.17,45.05,Cotton
black,Kharif,25.78,43.66,48.08,Cotton
black,Kharif,33.34,35.16,76.43,Cotton
black,Kharif,25.87,41.13,62.08,Cotton
black,Kharif,30.2,48.34,40.49,Cotton
black,Kharif,26.13,32.99,62.66,Cotton
black,Kharif,34.25,41.25,44.04,Cotton
black,Kharif,33.67,47.6,75.12,Cotton
black,Kharif,28.83,39.71,64.36,Cotton
black,Kharif,26.72,38.06,64.73,Cotton
black,Kharif,25.39,47.79,53.26,Cotton
black,Kharif,25.49,39.5,50.74,Cotton
black,Kharif,25.2,46.35,52.12,Cotton
black,Kharif,33.43,47.16,67.39,Cotton
black,Kharif,26.34,49.48,57.72,Cotton
black,Kharif,27.69,38.34,65.82,Cotton
black,Kharif,29.42,48.27,56.29,Cotton
black,Kharif,32.59,47.34,72.84,Cotton
black,Kharif,25.66,44.19,56.14,Cotton
black,Kharif,26.74,47.5,48.03,Cotton
black,Kharif,27.49,39.13,76.72,Cotton
black,Kharif,27.74,46.47,60.21,Cotton
black,Kharif,31.81,34.84,59.55,Cotton
black,Kharif,26.78,47.41,63.48,Cotton
black,Kharif,28.44,46.75,50.35,Cotton
black,Kharif,27.85,37.73,46.52,Cotton
black,Kharif,33.57,42.95,67.11,Cotton
black,Kharif,31.52,40.27,74.59,Cotton
black,Kharif,29.74,32.65,46.93,Cotton
black,Kharif,27.24,42.17,77.72,Cotton
black,Kharif,29.24,37.53,53.95,Cotton
black,Kharif,27.18,36.04,60.83,Cotton
black,Kharif,30.84,30.15,79.98,Cotton
black,Kharif,30.61,41.88,51.31,Cotton
black,Kharif,29.82,36.73,51.06,Cotton
black,Kharif,33.61,35.22,68.44,Cotton
black,Kharif,26.88,40.35,49.61,Cotton
black,Kharif,33.05,46.05,64.0,Cotton
black,Kharif,31.81,44.43,66.22,Cotton
black,Kharif,27.59,38.37,55.53,Cotton
black,Kharif,30.83,49.9,72.64,Cotton
black,Kharif,32.27,34.45,61.39,Cotton
black,Kharif,34.07,43.44,60.29,Cotton
black,Kharif,33.41,47.53,47.25,Cotton
black,Kharif,29.71,44.82,69.01,Cotton
black,Kharif,34.47,47.99,66.18,Cotton
black,Kharif,28.55,44.88,52.28,Cotton
black,Kharif,28.72,41.71,58.55,Cotton
black,Kharif,29.71,47.33,63.34,Cotton
black,Kharif,29.72,33.89,44.79,Cotton
black,Kharif,30.3,38.26,74.83,Cotton
black,Kharif,26.37,34.01,56.37,Cotton
black,Kharif,26.43,47.25,47.21,Cotton
black,Kharif,29.88,42.62,47.07,Cotton
black,Kharif,25.05,35.47,70.45,Cotton
black,Kharif,30.76,33.17,71.41,Cotton
black,Kharif,26.29,38.67,57.18,Cotton
black,Kharif,34.65,37.67,41.51,Cotton
black,Kharif,32.31,49.0,75.68,Cotton
black,Kharif,25.18,30.08,69.34,Cotton
black,Kharif,31.94,36.89,45.16,Cotton
black,Kharif,30.03,36.12,42.61,Cotton
black,Kharif,27.98,35.82,69.11,Cotton
black,Kharif,29.34,43.74,45.35,Cotton
black,Kharif,28.59,33.77,77.92,Cotton
black,Kharif,25.19,34.49,79.4,Cotton
black,Kharif,32.34,41.79,46.76,Cotton
black,Kharif,32.11,45.84,55.01,Cotton
black,Kharif,32.71,42.46,63.76,Cotton
black,Kharif,31.62,43.07,40.79,Cotton
black,Kharif,29.17,37.61,61.89,Cotton
black,Kharif,32.02,34.11,67.43,Cotton
black,Kharif,28.01,43.23,66.5,Cotton
black,Kharif,31.23,44.01,56.75,Cotton
black,Kharif,30.12,42.35,51.31,Cotton
black,Kharif,29.98,42.18,71.12,Cotton
black,Kharif,28.58,38.2,46.41,Cotton
black,Kharif,34.1,43.76,59.23,Cotton
black,Kharif,25.03,43.43,76.28,Cotton
black,Kharif,26.49,31.8,60.47,Cotton
black,Kharif,34.05,42.89,58.27,Cotton
black,Kharif,27.64,31.0,72.53,Cotton
black,Kharif,33.52,37.2,67.07,Cotton
black,Kharif,32.39,31.9,70.33,Cotton
black,Kharif,25.1,32.77,65.89,Cotton
black,Kharif,28.58,38.75,64.87,Cotton
black,Kharif,28.73,36.85,44.55,Cotton
black,Kharif,34.62,35.44,55.43,Cotton
black,Kharif,33.0,42.98,71.88,Cotton
black,Kharif,26.33,44.53,79.26,Cotton
black,Kharif,26.04,48.22,59.31,Cotton
black,Kharif,26.81,37.6,54.34,Cotton
black,Kharif,33.63,47.6,69.09,Cotton
black,Kharif,29.83,39.76,75.5,Cotton
black,Kharif,25.46,35.23,52.57,Cotton
black,Kharif,34.78,43.4,53.53,Cotton
black,Kharif,29.33,44.53,59.28,Cotton
black,Kharif,26.49,46.53,75.68,Cotton
black,Kharif,25.12,48.69,60.22,Cotton
black,Kharif,33.52,47.39,42.99,Cotton
black,Kharif,28.21,36.62,51.13,Cotton
black,Kharif,30.5,37.57,72.68,Cotton
black,Kharif,29.59,46.03,57.92,Cotton
black,Kharif,29.47,32.37,59.89,Cotton
black,Kharif,26.03,38.25,62.29,Cotton
black,Kharif,33.26,45.84,78.53,Cotton
black,Kharif,33.9,41.25,66.18,Cotton
black,Kharif,34.5,37.27,42.17,Cotton
black,Kharif,33.44,36.64,70.7,Cotton
black,Kharif,32.17,37.27,58.1,Cotton
black,Kharif,32.59,34.43,53.65,Cotton
black,Kharif,30.48,37.48,44.25,Cotton
black,Kharif,29.92,46.44,69.7,Cotton
black,Kharif,26.07,42.22,47.5,Cotton
black,Kharif,27.16,46.49,47.62,Cotton
black,Kharif,26.08,38.29,77.07,Cotton
black,Kharif,32.72,39.01,66.34,Cotton
black,Kharif,34.64,30.09,69.45,Cotton
black,Kharif,33.39,39.66,60.33,Cotton
black,Kharif,31.92,33.47,72.61,Cotton
black,Kharif,28.87,42.01,75.31,Cotton
black,Kharif,29.19,42.18,67.7,Cotton
black,Kharif,27.74,49.27,78.82,Cotton
black,Kharif,33.05,32.76,64.1,Cotton
black,Kharif,33.43,40.96,52.56,Cotton
alluvial,Kharif,26.21,75.6,123.25,Sugarcane
loamy,Kharif,34.13,63.32,156.83,Sugarcane
alluvial,Kharif,29.54,77.36,125.79,Sugarcane
alluvial,Kharif,32.37,74.06,146.62,Sugarcane
loamy,Kharif,31.42,82.35,142.71,Sugarcane
loamy,Kharif,32.89,73.07,102.02,Sugarcane
alluvial,Kharif,24.58,61.42,121.36,Sugarcane
alluvial,Kharif,34.82,77.08,111.71,Sugarcane
alluvial,Kharif,31.6,67.38,160.29,Sugarcane
alluvial,Kharif,27.95,71.31,149.29,Sugarcane
alluvial,Kharif,32.17,74.03,119.01,Sugarcane
loamy,Kharif,31.62,61.17,130.53,Sugarcane
loamy,Kharif,34.52,84.4,125.01,Sugarcane
alluvial,Kharif,24.14,66.28,149.64,Sugarcane
loamy,Kharif,33.13,82.79,156.37,Sugarcane
loamy,Kharif,32.31,73.67,148.27,Sugarcane
alluvial,Kharif,27.24,64.44,154.61,Sugarcane
alluvial,Kharif,34.59,78.38,109.55,Sugarcane
alluvial,Kharif,28.71,73.91,110.41,Sugarcane
loamy,Kharif,24.06,71.66,175.0,Sugarcane
alluvial,Kharif,25.69,68.07,104.07,Sugarcane
loamy,Kharif,29.4,74.32,128.65,Sugarcane
loamy,Kharif,29.78,83.92,141.65,Sugarcane
alluvial,Kharif,28.58,73.43,107.36,Sugarcane
alluvial,Kharif,33.72,76.58,126.49,Sugarcane
loamy,Kharif,26.4,78.82,142.44,Sugarcane
alluvial,Kharif,25.26,68.65,119.23,Sugarcane
alluvial,Kharif,34.55,77.06,125.67,Sugarcane
alluvial,Kharif,28.24,73.51,122.63,Sugarcane
loamy,Kharif,29.66,72.72,138.94,Sugarcane
loamy,Kharif,33.88,64.81,141.11,Sugarcane
alluvial,Kharif,25.84,83.91,143.04,Sugarcane
alluvial,Kharif,30.9,65.27,150.36,Sugarcane
alluvial,Kharif,33.51,70.61,108.31,Sugarcane
loamy,Kharif,31.11,83.49,159.75,Sugarcane
alluvial,Kharif,24.26,77.92,103.03,Sugarcane
alluvial,Kharif,24.6,79.86,144.65,Sugarcane
alluvial,Kharif,34.02,70.19,136.09,Sugarcane
loamy,Kharif,28.76,60.42,153.86,Sugarcane
alluvial,Kharif,31.06,75.46,160.48,Sugarcane
alluvial,Kharif,31.71,61.81,174.24,Sugarcane
alluvial,Kharif,27.19,77.15,148.53,Sugarcane
loamy,Kharif,32.42,70.94,131.61,Sugarcane
alluvial,Kharif,29.21,73.34,110.91,Sugarcane
loamy,Kharif,32.76,81.24,123.6,Sugarcane
alluvial,Kharif,27.28,82.17,177.23,Sugarcane
loamy,Kharif,34.53,60.28,169.98,Sugarcane
alluvial,Kharif,25.36,60.13,147.73,Sugarcane
alluvial,Kharif,27.35,78.71,172.28,Sugarcane
loamy,Kharif,26.33,82.64,168.12,Sugarcane
alluvial,Kharif,25.77,65.52,166.78,Sugarcane
alluvial,Kharif,25.26,76.77,145.38,Sugarcane
alluvial,Kharif,33.37,83.31,179.55,Sugarcane
loamy,Kharif,31.09,61.83,153.73,Sugarcane
loamy,Kharif,25.08,78.14,138.98,Sugarcane
loamy,Kharif,27.93,76.78,118.76,Sugarcane
loamy,Kharif,30.81,82.5,125.42,Sugarcane
loamy,Kharif,27.61,76.49,155.48,Sugarcane
alluvial,Kharif,30.22,69.11,125.31,Sugarcane
loamy,Kharif,25.86,67.83,162.85,Sugarcane
loamy,Kharif,27.04,68.99,154.37,Sugarcane
loamy,Kharif,33.66,71.57,128.7,Sugarcane
loamy,Kharif,29.36,62.72,151.64,Sugarcane
alluvial,Kharif,33.26,81.47,111.2,Sugarcane
alluvial,Kharif,26.9,82.16,106.12,Sugarcane
alluvial,Kharif,33.81,81.24,150.53,Sugarcane
loamy,Kharif,32.46,65.32,102.93,Sugarcane
loamy,Kharif,29.98,84.97,137.77,Sugarcane
alluvial,Kharif,28.02,65.58,161.77,Sugarcane
loamy,Kharif,25.47,72.53,107.24,Sugarcane
loamy,Kharif,29.52,76.57,167.84,Sugarcane
alluvial,Kharif,32.33,63.51,112.74,Sugarcane
alluvial,Kharif,32.1,72.09,128.7,Sugarcane
alluvial,Kharif,32.38,65.79,121.15,Sugarcane
alluvial,Kharif,24.47,65.17,172.62,Sugarcane
loamy,Kharif,28.27,82.95,170.52,Sugarcane
alluvial,Kharif,34.79,68.1,156.3,Sugarcane
loamy,Kharif,33.18,66.58,143.55,Sugarcane
alluvial,Kharif,28.14,69.46,147.01,Sugarcane
alluvial,Kharif,29.68,69.41,172.58,Sugarcane
loamy,Kharif,27.88,81.69,138.95,Sugarcane
loamy,Kharif,33.76,60.16,170.56,Sugarcane
loamy,Kharif,25.82,61.93,151.48,Sugarcane
alluvial,Kharif,25.65,63.93,148.16,Sugarcane
alluvial,Kharif,31.27,70.37,126.42,Sugarcane
alluvial,Kharif,29.3,71.97,116.86,Sugarcane
alluvial,Kharif,31.12,70.27,119.49,Sugarcane
alluvial,Kharif,30.31,64.03,150.36,Sugarcane
alluvial,Kharif,33.8,63.67,113.31,Sugarcane
alluvial,Kharif,29.68,70.14,177.54,Sugarcane
alluvial,Kharif,33.66,78.2,165.7,Sugarcane
alluvial,Kharif,26.38,75.16,137.71,Sugarcane
loamy,Kharif,25.88,80.76,148.07,Sugarcane
alluvial,Kharif,30.86,72.77,113.42,Sugarcane
loamy,Kharif,34.15,74.91,105.51,Sugarcane
loamy,Kharif,28.24,62.71,116.19,Sugarcane
loamy,Kharif,33.09,75.14,114.19,Sugarcane
alluvial,Kharif,33.66,73.29,160.19,Sugarcane
alluvial,Kharif,29.3,63.26,148.28,Sugarcane
alluvial,Kharif,33.87,79.37,151.94,Sugarcane
loamy,Kharif,28.07,61.09,142.39,Sugarcane
alluvial,Kharif,34.32,72.05,161.49,Sugarcane
loamy,Kharif,30.48,78.53,160.92,Sugarcane
alluvial,Kharif,28.68,66.36,161.27,Sugarcane
alluvial,Kharif,27.12,81.92,132.69,Sugarcane
alluvial,Kharif,24.06,78.59,100.57,Sugarcane
alluvial,Kharif,29.72,69.38,116.43,Sugarcane
loamy,Kharif,28.5,62.66,134.09,Sugarcane
loamy,Kharif,26.87,73.4,145.17,Sugarcane
loamy,Kharif,34.91,69.94,116.3,Sugarcane
loamy,Kharif,25.97,73.98,138.7,Sugarcane
loamy,Kharif,30.35,79.35,131.85,Sugarcane
alluvial,Kharif,33.4,76.48,159.83,Sugarcane
loamy,Kharif,32.61,83.73,108.02,Sugarcane
loamy,Kharif,32.65,80.02,149.12,Sugarcane
alluvial,Kharif,25.77,84.11,100.42,Sugarcane
alluvial,Kharif,33.06,71.79,148.02,Sugarcane
alluvial,Kharif,24.7,65.54,106.4,Sugarcane
alluvial,Kharif,31.97,83.27,132.05,Sugarcane
loamy,Kharif,31.83,74.94,175.66,Sugarcane
alluvial,Kharif,31.04,70.97,116.14,Sugarcane
loamy,Kharif,26.14,79.6,140.84,Sugarcane
alluvial,Kharif,30.77,76.85,128.78,Sugarcane
alluvial,Kharif,34.73,62.17,122.07,Sugarcane
loamy,Kharif,27.88,69.88,146.89,Sugarcane
alluvial,Kharif,32.11,61.72,107.21,Sugarcane
loamy,Kharif,31.99,73.98,146.63,Sugarcane
loamy,Kharif,34.6,66.91,148.51,Sugarcane
alluvial,Kharif,29.0,70.1,100.37,Sugarcane
alluvial,Kharif,28.48,62.66,105.79,Sugarcane
loamy,Kharif,27.74,62.93,141.06,Sugarcane
loamy,Kharif,33.64,80.33,145.99,Sugarcane
loamy,Kharif,34.63,74.08,161.6,Sugarcane
loamy,Kharif,34.57,71.47,136.86,Sugarcane
alluvial,Kharif,29.3,66.45,130.61,Sugarcane
alluvial,Kharif,31.45,65.75,125.26,Sugarcane
loamy,Kharif,29.68,60.24,166.57,Sugarcane
alluvial,Kharif,27.16,69.97,159.9,Sugarcane
loamy,Kharif,24.84,83.28,138.12,Sugarcane
loamy,Kharif,26.4,74.34,114.62,Sugarcane
alluvial,Kharif,29.49,64.99,158.83,Sugarcane
loamy,Kharif,26.27,65.07,119.98,Sugarcane
loamy,Kharif,25.72,62.67,173.62,Sugarcane
loamy,Kharif,30.75,79.11,143.32,Sugarcane
alluvial,Kharif,33.33,69.28,125.23,Sugarcane
loamy,Kharif,29.4,84.61,173.28,Sugarcane
loamy,Kharif,28.38,78.75,110.26,Sugarcane
loamy,Kharif,29.26,73.52,140.2,Sugarcane
loamy,Kharif,33.46,79.4,136.58,Sugarcane
alluvial,Kharif,31.68,71.5,155.14,Sugarcane
loamy,Rabi,18.74,37.59,33.02,Barley
loamy,Rabi,18.13,35.19,46.46,Barley
loamy,Rabi,14.69,49.17,40.29,Barley
loamy,Rabi,16.99,34.21,51.02,Barley
loamy,Rabi,15.65,38.01,43.52,Barley
loamy,Rabi,21.79,43.72,54.43,Barley
loamy,Rabi,20.04,41.11,55.69,Barley
loamy,Rabi,13.46,49.18,34.49,Barley
loamy,Rabi,13.77,39.99,59.87,Barley
loamy,Rabi,19.85,36.0,46.86,Barley
loamy,Rabi,15.98,43.81,31.8,Barley
loamy,Rabi,16.77,42.6,43.5,Barley
loamy,Rabi,14.6,37.21,46.72,Barley
loamy,Rabi,15.44,38.24,40.53,Barley
loamy,Rabi,17.77,43.0,46.15,Barley
loamy,Rabi,15.55,43.46,44.62,Barley
loamy,Rabi,20.9,37.62,38.6,Barley
loamy,Rabi,20.68,42.81,57.86,Barley
loamy,Rabi,18.31,41.43,55.47,Barley
loamy,Rabi,12.79,36.87,39.4,Barley
loamy,Rabi,19.1,42.11,41.86,Barley
loamy,Rabi,19.81,48.78,52.44,Barley
loamy,Rabi,16.14,33.68,30.69,Barley
loamy,Rabi,18.62,48.81,51.02,Barley
loamy,Rabi,14.11,37.94,32.87,Barley
loamy,Rabi,17.48,30.53,41.91,Barley
loamy,Rabi,13.04,42.36,32.53,Barley
loamy,Rabi,15.09,34.95,38.53,Barley
loamy,Rabi,13.31,46.77,30.86,Barley
loamy,Rabi,20.6,36.5,44.28,Barley
loamy,Rabi,17.49,32.7,58.45,Barley
loamy,Rabi,17.91,39.13,52.47,Barley
loamy,Rabi,17.23,42.79,39.29,Barley
loamy,Rabi,16.82,34.54,32.69,Barley
loamy,Rabi,15.66,35.2,39.11,Barley
loamy,Rabi,17.23,45.17,34.09,Barley
loamy,Rabi,16.69,30.17,57.66,Barley
loamy,Rabi,15.0,45.32,53.94,Barley
loamy,Rabi,19.97,40.96,35.66,Barley
loamy,Rabi,15.95,33.27,52.11,Barley
loamy,Rabi,20.28,34.41,32.38,Barley
loamy,Rabi,17.17,46.0,48.4,Barley
loamy,Rabi,14.85,44.86,54.26,Barley
loamy,Rabi,13.88,31.37,34.1,Barley
loamy,Rabi,18.37,42.35,38.16,Barley
loamy,Rabi,13.88,30.39,31.49,Barley
loamy,Rabi,13.86,32.05,38.08,Barley
loamy,Rabi,19.27,34.66,34.52,Barley
loamy,Rabi,14.17,38.4,53.57,Barley
loamy,Rabi,21.98,39.27,53.74,Barley
loamy,Rabi,12.8,45.01,34.38,Barley
loamy,Rabi,19.76,31.43,44.1,Barley
loamy,Rabi,20.96,35.0,41.45,Barley
loamy,Rabi,13.22,45.36,37.47,Barley
loamy,Rabi,14.47,49.89,35.98,Barley
loamy,Rabi,17.21,49.64,44.18,Barley
loamy,Rabi,21.36,33.17,51.85,Barley
loamy,Rabi,14.53,42.77,35.96,Barley
loamy,Rabi,20.64,34.36,33.39,Barley
loamy,Rabi,15.25,33.35,38.28,Barley
loamy,Rabi,15.96,34.86,59.07,Barley
loamy,Rabi,18.88,33.1,53.12,Barley
loamy,Rabi,13.58,31.83,48.56,Barley
loamy,Rabi,12.6,42.89,51.04,Barley
loamy,Rabi,13.26,34.65,59.45,Barley
loamy,Rabi,20.06,38.77,35.79,Barley
loamy,Rabi,15.58,32.69,56.96,Barley
loamy,Rabi,19.07,41.18,46.28,Barley
loamy,Rabi,13.9,33.73,40.43,Barley
loamy,Rabi,14.75,46.63,57.43,Barley
loamy,Rabi,12.69,33.1,38.87,Barley
loamy,Rabi,17.42,39.08,53.28,Barley
loamy,Rabi,19.34,47.66,48.59,Barley
loamy,Rabi,19.76,34.78,51.63,Barley
loamy,Rabi,13.9,43.66,52.97,Barley
loamy,Rabi,18.13,36.45,49.23,Barley
loamy,Rabi,12.96,43.18,31.31,Barley
loamy,Rabi,13.79,30.63,33.21,Barley
loamy,Rabi,12.99,41.42,55.09,Barley
loamy,Rabi,17.26,44.03,37.68,Barley
loamy,Rabi,14.21,44.36,30.39,Barley
loamy,Rabi,18.56,48.57,54.96,Barley
loamy,Rabi,20.01,31.21,46.74,Barley
loamy,Rabi,20.22,45.88,31.75,Barley
loamy,Rabi,17.29,44.69,55.03,Barley
loamy,Rabi,21.45,49.21,32.91,Barley
loamy,Rabi,17.32,33.79,45.79,Barley
loamy,Rabi,17.7,48.95,46.75,Barley
loamy,Rabi,19.46,45.33,47.3,Barley
loamy,Rabi,19.03,38.54,33.12,Barley
loamy,Rabi,17.5,40.09,49.73,Barley
loamy,Rabi,21.34,48.05,46.5,Barley
loamy,Rabi,20.45,38.25,49.0,Barley
loamy,Rabi,18.08,41.26,36.42,Barley
loamy,Rabi,15.6,39.05,58.79,Barley
loamy,Rabi,19.26,49.66,47.87,Barley
loamy,Rabi,21.93,36.04,39.01,Barley
loamy,Rabi,14.15,36.3,53.15,Barley
loamy,Rabi,21.19,40.23,47.12,Barley
loamy,Rabi,12.94,39.21,34.68,Barley
loamy,Rabi,15.67,41.64,36.99,Barley
loamy,Rabi,12.92,38.0,57.54,Barley
loamy,Rabi,19.24,45.86,35.19,Barley
loamy,Rabi,17.95,36.01,51.92,Barley
loamy,Rabi,12.78,31.12,53.13,Barley
loamy,Rabi,20.8,38.69,57.91,Barley
loamy,Rabi,20.7,34.53,49.58,Barley
loamy,Rabi,18.34,42.64,31.62,Barley
loamy,Rabi,15.19,41.3,39.8,Barley
loamy,Rabi,13.53,43.47,59.92,Barley
loamy,Rabi,19.53,41.51,32.7,Barley
loamy,Rabi,14.9,37.89,33.97,Barley
loamy,Rabi,16.76,44.91,46.44,Barley
loamy,Rabi,12.85,40.04,53.21,Barley
loamy,Rabi,19.62,39.62,35.94,Barley
loamy,Rabi,18.52,33.92,48.48,Barley
loamy,Rabi,14.42,35.33,42.9,Barley
loamy,Rabi,13.13,38.27,40.96,Barley
loamy,Rabi,15.21,41.88,30.73,Barley
loamy,Rabi,13.69,36.99,54.65,Barley
loamy,Rabi,18.23,38.81,57.73,Barley
loamy,Rabi,14.0,37.48,52.73,Barley
loamy,Rabi,13.12,31.09,58.47,Barley
loamy,Rabi,20.69,46.4,30.41,Barley
loamy,Rabi,15.05,39.42,39.96,Barley
loamy,Rabi,14.04,40.47,37.76,Barley
loamy,Rabi,18.23,49.85,50.85,Barley
loamy,Rabi,15.77,48.12,45.8,Barley
loamy,Rabi,13.7,35.68,53.68,Barley
loamy,Rabi,12.53,43.1,30.25,Barley
loamy,Rabi,18.6,43.26,57.39,Barley
loamy,Rabi,20.64,30.38,56.02,Barley
loamy,Rabi,14.31,37.61,59.3,Barley
loamy,Rabi,21.04,39.69,47.91,Barley
loamy,Rabi,13.86,40.01,43.74,Barley
loamy,Rabi,12.4,48.45,39.15,Barley
loamy,Rabi,15.93,33.14,40.4,Barley
loamy,Rabi,15.55,36.05,59.88,Barley
loamy,Rabi,20.12,42.52,56.36,Barley
loamy,Rabi,21.44,48.98,36.77,Barley
loamy,Rabi,20.97,43.14,32.63,Barley
loamy,Rabi,17.21,43.56,56.18,Barley
loamy,Rabi,16.17,41.46,42.79,Barley
loamy,Rabi,21.1,36.59,46.27,Barley
loamy,Rabi,18.52,41.62,50.52,Barley
loamy,Rabi,20.63,36.18,51.15,Barley
loamy,Rabi,16.3,48.18,53.1,Barley
loamy,Rabi,15.17,41.15,58.46,Barley
loamy,Rabi,13.84,46.79,34.37,Barley
loamy,Rabi,19.65,47.6,42.42,Barley
black,Zaid,28.03,44.91,62.87,Millets
black,Zaid,26.52,33.76,35.26,Millets
sandy,Zaid,32.62,42.24,40.67,Millets
sandy,Zaid,30.96,34.62,31.04,Millets
sandy,Zaid,31.88,39.53,50.09,Millets
black,Zaid,32.12,37.48,64.09,Millets
black,Zaid,29.74,33.28,39.05,Millets
black,Zaid,32.65,30.3,40.79,Millets
black,Zaid,27.23,43.43,38.11,Millets
sandy,Zaid,25.66,48.54,69.43,Millets
black,Zaid,31.88,47.34,65.5,Millets
black,Zaid,29.05,30.84,59.41,Millets
black,Zaid,32.2,37.88,67.57,Millets
sandy,Zaid,30.21,39.03,63.08,Millets
sandy,Zaid,33.78,34.91,51.51,Millets
sandy,Zaid,30.58,40.32,55.23,Millets
sandy,Zaid,26.9,38.79,65.38,Millets
black,Zaid,29.61,38.45,54.53,Millets
sandy,Zaid,31.9,48.07,48.54,Millets
black,Zaid,25.9,40.01,37.19,Millets
sandy,Zaid,28.93,36.47,31.0,Millets
black,Zaid,30.9,44.25,38.08,Millets
black,Zaid,25.9,36.48,55.94,Millets
sandy,Zaid,32.18,32.47,34.57,Millets
black,Zaid,31.34,31.71,58.29,Millets
sandy,Zaid,28.79,37.61,60.73,Millets
black,Zaid,30.65,43.19,36.0,Millets
sandy,Zaid,26.79,44.24,46.78,Millets
black,Zaid,32.3,49.22,41.55,Millets
sandy,Zaid,26.18,32.63,38.11,Millets
black,Zaid,25.12,39.95,49.95,Millets
sandy,Zaid,31.08,39.87,38.67,Millets
black,Zaid,29.54,38.84,54.05,Millets
sandy,Zaid,27.45,40.95,54.79,Millets
sandy,Zaid,25.49,32.97,56.13,Millets
sandy,Zaid,26.45,30.65,53.12,Millets
black,Zaid,28.31,31.75,34.36,Millets
sandy,Zaid,26.61,35.69,56.44,Millets
sandy,Zaid,34.66,44.99,44.41,Millets
sandy,Zaid,25.93,35.99,44.74,Millets
black,Zaid,33.2,45.17,63.73,Millets
sandy,Zaid,27.93,32.69,57.78,Millets
black,Zaid,28.29,38.28,38.39,Millets
sandy,Zaid,31.12,32.19,59.19,Millets
sandy,Zaid,29.84,43.77,67.36,Millets
black,Zaid,29.27,46.96,40.39,Millets
black,Zaid,34.27,42.29,49.86,Millets
black,Zaid,29.93,33.6,54.38,Millets
black,Zaid,34.79,30.03,30.96,Millets
sandy,Zaid,32.37,34.15,54.61,Millets
black,Zaid,29.14,36.68,52.42,Millets
sandy,Zaid,25.11,34.02,41.27,Millets
sandy,Zaid,28.08,40.13,42.96,Millets
sandy,Zaid,26.14,36.67,45.84,Millets
sandy,Zaid,33.32,33.88,63.35,Millets
black,Zaid,34.16,45.95,55.83,Millets
black,Zaid,26.55,39.21,64.61,Millets
black,Zaid,29.62,46.28,67.11,Millets
sandy,Zaid,33.35,35.99,59.0,Millets
black,Zaid,30.55,30.37,53.1,Millets
black,Zaid,33.0,47.76,44.14,Millets
sandy,Zaid,27.8,30.62,69.34,Millets
sandy,Zaid,30.71,37.79,53.81,Millets
black,Zaid,32.05,36.29,31.27,Millets
black,Zaid,25.87,47.54,44.86,Millets
black,Zaid,27.16,36.05,34.49,Millets
sandy,Zaid,32.78,48.27,47.75,Millets
sandy,Zaid,32.99,48.1,36.16,Millets
black,Zaid,34.24,44.65,50.95,Millets
black,Zaid,26.43,47.44,62.89,Millets
sandy,Zaid,27.05,30.73,45.5,Millets
sandy,Zaid,25.04,48.65,57.48,Millets
sandy,Zaid,28.33,47.78,34.12,Millets
black,Zaid,25.22,45.17,55.55,Millets
sandy,Zaid,28.21,33.85,41.07,Millets
black,Zaid,32.73,43.42,40.91,Millets
sandy,Zaid,27.74,30.31,54.92,Millets
sandy,Zaid,27.07,37.01,42.74,Millets
sandy,Zaid,34.43,46.08,52.96,Millets
sandy,Zaid,25.71,42.27,43.55,Millets
black,Zaid,25.51,30.58,66.13,Millets
sandy,Zaid,26.06,31.08,47.06,Millets
sandy,Zaid,32.05,47.83,55.18,Millets
black,Zaid,31.16,36.25,62.7,Millets
sandy,Zaid,34.74,45.11,48.63,Millets
sandy,Zaid,25.93,46.05,57.94,Millets
sandy,Zaid,29.56,43.69,58.41,Millets
black,Zaid,29.71,48.95,35.75,Millets
black,Zaid,34.13,37.84,57.98,Millets
black,Zaid,32.89,47.65,48.13,Millets
sandy,Zaid,25.65,32.26,49.15,Millets
sandy,Zaid,27.82,36.97,52.99,Millets
sandy,Zaid,29.06,44.29,34.28,Millets
sandy,Zaid,32.92,40.65,46.03,Millets
black,Zaid,27.39,34.87,36.36,Millets
black,Zaid,28.84,36.81,62.56,Millets
black,Zaid,32.84,38.71,61.49,Millets
sandy,Zaid,26.73,43.39,59.57,Millets
black,Zaid,26.14,41.92,43.02,Millets
sandy,Zaid,33.22,33.52,68.24,Millets
sandy,Zaid,30.98,43.71,53.86,Millets
black,Zaid,28.27,42.9,32.46,Millets
sandy,Zaid,33.17,47.75,66.13,Millets
sandy,Zaid,32.57,43.22,48.12,Millets
black,Zaid,28.9,41.56,37.83,Millets
black,Zaid,28.0,45.89,57.18,Millets
black,Zaid,32.18,48.3,69.61,Millets
sandy,Zaid,31.11,40.21,63.91,Millets
black,Zaid,25.62,48.02,68.72,Millets
sandy,Zaid,32.03,46.42,44.37,Millets
black,Zaid,33.66,34.7,58.09,Millets
black,Zaid,31.25,44.24,46.24,Millets
black,Zaid,30.45,43.25,48.99,Millets
sandy,Zaid,30.55,46.87,44.41,Millets
black,Zaid,26.54,49.95,56.8,Millets
sandy,Zaid,25.12,42.97,35.76,Millets
black,Zaid,31.58,49.5,35.43,Millets
sandy,Zaid,31.42,38.32,48.24,Millets
black,Zaid,31.23,39.09,46.96,Millets
black,Zaid,28.85,34.51,46.99,Millets
sandy,Zaid,30.78,46.94,39.47,Millets
black,Zaid,29.11,40.92,44.68,Millets
sandy,Zaid,30.68,44.1,34.53,Millets
black,Zaid,34.62,31.6,59.21,Millets
black,Zaid,29.65,31.56,65.6,Millets
sandy,Zaid,27.45,42.61,56.55,Millets
sandy,Zaid,31.84,40.78,53.19,Millets
sandy,Zaid,34.04,40.7,30.43,Millets
black,Zaid,30.13,39.38,59.35,Millets
black,Zaid,28.53,49.56,41.78,Millets
sandy,Zaid,25.35,48.46,59.98,Millets
black,Zaid,25.61,39.46,36.76,Millets
sandy,Zaid,31.56,35.84,59.5,Millets
sandy,Zaid,27.87,31.65,50.22,Millets
black,Zaid,27.52,42.32,41.01,Millets
black,Zaid,25.14,32.23,36.98,Millets
sandy,Zaid,31.59,37.4,37.02,Millets
sandy,Zaid,29.85,45.99,64.48,Millets
black,Zaid,34.84,49.35,53.82,Millets
sandy,Zaid,33.38,45.06,46.52,Millets
black,Zaid,27.38,38.8,55.5,Millets
sandy,Zaid,30.78,46.84,32.17,Millets
black,Zaid,32.55,32.32,36.7,Millets
black,Zaid,29.76,39.53,67.93,Millets
sandy,Zaid,28.8,44.11,48.98,Millets
sandy,Zaid,30.3,38.69,41.55,Millets
black,Zaid,28.82,36.31,51.21,Millets
sandy,Zaid,25.97,40.63,44.15,Millets
black,Zaid,31.1,43.04,40.9,Millets
black,Zaid,27.67,31.97,56.17,Millets
clay,Kharif,27.69,86.88,186.27,Coconut
alluvial,Kharif,28.16,86.94,298.98,Coconut
clay,Kharif,28.38,86.82,274.75,Coconut
alluvial,Kharif,27.29,83.13,252.82,Coconut
clay,Kharif,25.76,77.08,178.96,Coconut
alluvial,Kharif,28.96,71.42,239.12,Coconut
alluvial,Kharif,31.6,85.95,256.21,Coconut
alluvial,Kharif,24.69,85.12,206.39,Coconut
alluvial,Kharif,31.17,87.39,188.0,Coconut
clay,Kharif,29.28,71.89,218.02,Coconut
clay,Kharif,30.15,87.31,250.14,Coconut
clay,Kharif,26.06,89.52,191.59,Coconut
alluvial,Kharif,27.06,78.32,159.01,Coconut
clay,Kharif,25.42,71.73,296.91,Coconut
alluvial,Kharif,28.88,74.46,223.81,Coconut
alluvial,Kharif,28.33,80.78,242.09,Coconut
alluvial,Kharif,31.3,87.89,165.49,Coconut
alluvial,Kharif,24.56,88.19,266.59,Coconut
alluvial,Kharif,31.17,73.72,246.05,Coconut
alluvial,Kharif,29.32,76.66,255.01,Coconut
clay,Kharif,28.6,82.88,290.99,Coconut
clay,Kharif,27.83,80.1,259.17,Coconut
alluvial,Kharif,28.32,70.08,293.12,Coconut
clay,Kharif,24.97,83.38,298.74,Coconut
clay,Kharif,29.45,80.02,244.84,Coconut
alluvial,Kharif,26.92,91.33,201.01,Coconut
clay,Kharif,30.08,77.25,180.47,Coconut
alluvial,Kharif,31.74,86.52,194.83,Coconut
clay,Kharif,31.17,85.77,203.89,Coconut
alluvial,Kharif,31.08,80.95,178.42,Coconut
alluvial,Kharif,25.54,87.99,238.94,Coconut
clay,Kharif,27.11,89.82,246.51,Coconut
clay,Kharif,28.27,90.86,217.4,Coconut
alluvial,Kharif,24.3,71.4,268.17,Coconut
alluvial,Kharif,27.24,75.29,248.08,Coconut
clay,Kharif,31.52,91.76,230.48,Coconut
alluvial,Kharif,31.4,70.92,171.24,Coconut
alluvial,Kharif,27.77,92.95,156.87,Coconut
alluvial,Kharif,24.11,85.82,285.7,Coconut
alluvial,Kharif,27.65,74.27,238.66,Coconut
alluvial,Kharif,24.91,84.87,242.34,Coconut
alluvial,Kharif,30.44,80.66,271.73,Coconut
clay,Kharif,26.59,94.4,236.4,Coconut
alluvial,Kharif,26.57,94.12,181.98,Coconut
alluvial,Kharif,28.74,78.39,168.11,Coconut
alluvial,Kharif,30.06,74.2,205.49,Coconut
alluvial,Kharif,27.51,93.14,156.1,Coconut
alluvial,Kharif,30.33,85.8,206.42,Coconut
alluvial,Kharif,24.13,82.17,150.95,Coconut
alluvial,Kharif,31.41,87.67,239.06,Coconut
clay,Kharif,27.33,90.19,265.88,Coconut
alluvial,Kharif,25.65,86.0,228.46,Coconut
clay,Kharif,25.91,74.36,253.75,Coconut
alluvial,Kharif,29.74,85.3,163.2,Coconut
clay,Kharif,26.78,70.11,185.35,Coconut
alluvial,Kharif,31.89,94.42,242.84,Coconut
alluvial,Kharif,27.71,85.66,181.22,Coconut
alluvial,Kharif,25.55,89.92,252.79,Coconut
clay,Kharif,27.98,73.99,288.4,Coconut
alluvial,Kharif,29.16,77.13,215.2,Coconut
clay,Kharif,28.93,92.25,217.97,Coconut
alluvial,Kharif,29.92,93.12,176.38,Coconut
alluvial,Kharif,27.88,72.9,284.26,Coconut
clay,Kharif,28.74,78.15,179.81,Coconut
clay,Kharif,25.84,72.75,184.17,Coconut
alluvial,Kharif,29.9,91.75,206.33,Coconut
alluvial,Kharif,24.59,84.63,158.15,Coconut
clay,Kharif,25.16,93.2,218.25,Coconut
clay,Kharif,26.99,81.44,179.12,Coconut
clay,Kharif,31.8,75.06,169.08,Coconut
alluvial,Kharif,26.24,72.78,219.83,Coconut
clay,Kharif,25.37,78.59,282.96,Coconut
alluvial,Kharif,30.32,85.95,241.73,Coconut
alluvial,Kharif,28.62,83.82,184.46,Coconut
clay,Kharif,30.86,82.23,299.35,Coconut
clay,Kharif,30.7,76.98,259.5,Coconut
alluvial,Kharif,25.98,80.86,183.36,Coconut
alluvial,Kharif,31.31,92.46,212.67,Coconut
alluvial,Kharif,24.32,81.77,265.29,Coconut
alluvial,Kharif,27.41,79.86,271.46,Coconut
alluvial,Kharif,27.62,76.01,233.77,Coconut
alluvial,Kharif,29.55,80.17,182.7,Coconut
clay,Kharif,26.37,86.19,163.61,Coconut
clay,Kharif,29.35,74.05,218.89,Coconut
alluvial,Kharif,31.81,81.59,170.79,Coconut
clay,Kharif,25.48,91.79,244.02,Coconut
alluvial,Kharif,30.88,71.77,284.02,Coconut
clay,Kharif,28.25,77.41,262.93,Coconut
alluvial,Kharif,30.3,72.02,282.13,Coconut
alluvial,Kharif,28.12,92.75,204.6,Coconut
alluvial,Kharif,24.89,79.14,242.87,Coconut
clay,Kharif,26.93,86.2,255.73,Coconut
alluvial,Kharif,25.11,78.37,230.95,Coconut
clay,Kharif,29.9,88.81,280.67,Coconut
alluvial,Kharif,30.03,89.02,198.07,Coconut
clay,Kharif,28.03,80.57,158.17,Coconut
clay,Kharif,26.76,82.16,229.0,Coconut
alluvial,Kharif,27.76,83.3,273.81,Coconut
clay,Kharif,27.62,79.2,251.0,Coconut
alluvial,Kharif,25.51,92.1,163.1,Coconut
clay,Kharif,31.18,77.21,293.49,Coconut
alluvial,Kharif,25.32,72.8,172.19,Coconut
alluvial,Kharif,31.0,83.02,244.09,Coconut
clay,Kharif,27.33,87.06,289.76,Coconut
clay,Kharif,26.77,81.1,246.7,Coconut
clay,Kharif,25.51,70.55,270.3,Coconut
clay,Kharif,27.29,78.57,246.91,Coconut
clay,Kharif,27.89,86.65,229.52,Coconut
clay,Kharif,27.66,84.18,284.74,Coconut
clay,Kharif,25.37,76.5,222.64,Coconut
clay,Kharif,30.16,71.18,202.97,Coconut
clay,Kharif,31.65,85.47,174.12,Coconut
clay,Kharif,25.46,74.38,256.22,Coconut
alluvial,Kharif,25.29,72.92,299.07,Coconut
alluvial,Kharif,27.53,79.24,180.77,Coconut
alluvial,Kharif,29.32,94.45,172.19,Coconut
clay,Kharif,28.32,74.06,195.23,Coconut
alluvial,Kharif,27.24,82.49,171.81,Coconut
clay,Kharif,31.42,73.9,295.52,Coconut
clay,Kharif,29.18,77.39,284.4,Coconut
alluvial,Kharif,30.4,88.21,288.34,Coconut
clay,Kharif,29.51,88.29,285.03,Coconut
alluvial,Kharif,29.42,72.92,153.72,Coconut
alluvial,Kharif,27.57,72.31,158.26,Coconut
alluvial,Kharif,28.67,75.55,290.35,Coconut
clay,Kharif,25.57,72.09,277.42,Coconut
alluvial,Kharif,31.81,79.86,223.57,Coconut
alluvial,Kharif,31.27,79.03,172.19,Coconut
clay,Kharif,26.96,79.32,192.7,Coconut
clay,Kharif,26.46,81.14,234.15,Coconut
alluvial,Kharif,29.82,81.11,298.89,Coconut
clay,Kharif,26.31,90.14,295.55,Coconut
clay,Kharif,29.83,80.35,275.33,Coconut
alluvial,Kharif,25.15,77.58,298.26,Coconut
clay,Kharif,24.53,94.0,263.42,Coconut
alluvial,Kharif,24.05,85.97,191.0,Coconut
alluvial,Kharif,28.45,87.76,263.29,Coconut
alluvial,Kharif,25.59,90.81,193.42,Coconut
clay,Kharif,24.34,90.66,275.19,Coconut
clay,Kharif,27.95,88.5,183.68,Coconut
alluvial,Kharif,25.23,77.5,246.08,Coconut
clay,Kharif,24.99,86.65,193.15,Coconut
alluvial,Kharif,27.94,87.2,186.71,Coconut
alluvial,Kharif,30.12,82.33,295.59,Coconut
clay,Kharif,28.65,84.14,280.25,Coconut
clay,Kharif,31.79,90.46,205.98,Coconut
alluvial,Kharif,30.76,74.07,158.78,Coconut
clay,Kharif,27.69,87.33,203.61,Coconut
alluvial,Kharif,26.18,80.49,286.82,Coconut
clay,Kharif,24.39,77.29,245.84,Coconut
