soil_type,temperature,humidity,rainfall,crop
loamy,30.31,70.5,992.52,Rice
laterite,23.81,72.05,1318.47,Rice
loamy,23.13,78.44,820.86,Rice
alluvial,25.02,82.04,1192.87,Rice
laterite,30.45,80.9,954.31,Rice
loamy,25.62,87.39,1331.17,Rice
sandy,31.08,76.81,908.84,Rice
sandy,23.33,77.6,1051.29,Rice
laterite,29.85,86.14,1310.81,Rice
sandy,23.62,88.45,855.16,Rice
laterite,32.78,82.37,1403.19,Rice
sandy,24.5,71.39,1262.88,Rice
black,34.81,87.11,1406.54,Rice
sandy,25.61,82.71,1055.38,Rice
alluvial,26.62,83.4,1291.27,Rice
alluvial,30.42,82.18,919.8,Rice
alluvial,25.18,79.25,988.96,Rice
clay,30.95,74.39,1027.0,Rice
sandy,24.98,70.64,1020.82,Rice
alluvial,22.86,88.26,1197.03,Rice
alluvial,26.09,83.11,1076.94,Rice
laterite,27.97,75.3,972.64,Rice
laterite,29.01,84.94,1099.9,Rice
laterite,27.19,74.39,1498.28,Rice
loamy,28.42,85.12,1402.77,Rice
clay,30.16,85.84,1095.51,Rice
sandy,27.0,81.92,1127.63,Rice
alluvial,34.62,87.22,808.04,Rice
alluvial,23.49,87.7,1325.61,Rice
clay,26.42,75.87,910.71,Rice
laterite,34.4,87.52,984.37,Rice
alluvial,31.91,80.15,874.49,Rice
loamy,25.88,82.78,1226.28,Rice
laterite,26.86,73.23,1467.45,Rice
clay,33.94,81.98,1142.02,Rice
sandy,34.08,87.57,1382.17,Rice
clay,25.11,74.82,1197.15,Rice
laterite,23.11,79.72,848.45,Rice
laterite,31.96,72.57,1132.7,Rice
loamy,24.15,80.55,1224.62,Rice
alluvial,34.08,85.11,1282.91,Rice
black,26.05,89.9,1254.91,Rice
clay,33.69,79.03,973.53,Rice
loamy,26.4,81.77,961.08,Rice
clay,22.09,84.16,841.21,Rice
loamy,33.77,87.19,849.6,Rice
alluvial,25.62,79.71,1177.46,Rice
black,34.16,81.42,1130.87,Rice
black,32.5,73.81,867.85,Rice
clay,26.61,78.22,1404.69,Rice
black,30.75,89.68,868.89,Rice
loamy,31.47,86.01,876.49,Rice
sandy,24.47,78.97,1095.32,Rice
laterite,28.01,87.49,852.77,Rice
clay,23.27,83.04,1178.41,Rice
loamy,34.6,88.53,1394.09,Rice
clay,27.28,79.63,1405.26,Rice
black,24.14,70.04,1073.3,Rice
laterite,25.71,83.93,1311.35,Rice
loamy,30.6,79.73,932.93,Rice
alluvial,24.53,51.58,571.1,Wheat
laterite,14.7,41.0,538.39,Wheat
loamy,12.36,59.22,340.06,Wheat
black,11.03,41.36,730.91,Wheat
laterite,11.8,57.81,423.11,Wheat
laterite,10.6,41.64,628.69,Wheat
alluvial,17.84,58.69,402.13,Wheat
alluvial,14.71,45.31,365.44,Wheat
clay,14.5,46.32,675.93,Wheat
clay,10.14,52.42,581.5,Wheat
sandy,11.1,44.26,432.6,Wheat
loamy,23.21,57.59,484.76,Wheat
alluvial,16.57,50.86,451.26,Wheat
alluvial,17.93,53.36,577.3,Wheat
clay,11.55,57.56,432.23,Wheat
loamy,21.14,43.11,440.88,Wheat
sandy,20.76,44.07,617.12,Wheat
clay,17.58,45.02,754.08,Wheat
clay,11.38,48.47,438.34,Wheat
loamy,15.0,42.62,789.9,Wheat
clay,21.12,51.03,513.84,Wheat
loamy,11.68,58.9,645.51,Wheat
loamy,18.18,56.69,591.25,Wheat
clay,16.45,40.84,482.33,Wheat
clay,23.48,44.2,424.76,Wheat
laterite,15.31,51.2,737.36,Wheat
loamy,21.24,58.52,418.37,Wheat
clay,24.64,56.22,740.71,Wheat
black,12.69,58.49,691.19,Wheat
sandy,22.03,57.28,705.37,Wheat
clay,12.39,54.03,491.27,Wheat
black,22.88,44.45,708.29,Wheat
loamy,15.24,56.41,735.66,Wheat
clay,10.35,43.86,464.13,Wheat
black,24.5,45.58,620.74,Wheat
clay,20.19,56.87,465.57,Wheat
sandy,11.73,59.41,389.28,Wheat
sandy,10.57,51.93,472.84,Wheat
laterite,16.55,59.68,357.82,Wheat
laterite,12.85,40.89,518.03,Wheat
alluvial,23.88,50.77,659.71,Wheat
alluvial,21.06,43.94,515.65,Wheat
clay,23.81,52.46,631.69,Wheat
black,20.8,46.01,454.64,Wheat
loamy,14.89,53.94,577.21,Wheat
loamy,16.31,58.81,638.66,Wheat
clay,19.23,46.02,573.97,Wheat
laterite,14.56,44.2,692.88,Wheat
loamy,19.82,49.3,521.08,Wheat
alluvial,17.67,55.87,779.92,Wheat
alluvial,12.55,41.7,557.73,Wheat
loamy,19.29,41.87,776.0,Wheat
clay,20.09,44.49,399.56,Wheat
clay,10.69,59.68,605.64,Wheat
alluvial,16.83,57.72,587.84,Wheat
alluvial,20.45,49.89,421.99,Wheat
clay,20.31,57.85,730.22,Wheat
alluvial,21.68,44.38,702.05,Wheat
clay,17.77,41.0,424.6,Wheat
laterite,16.85,56.03,633.79,Wheat
laterite,26.34,69.0,856.57,Maize
laterite,29.41,67.84,670.7,Maize
black,24.24,53.18,844.6,Maize
laterite,21.63,54.94,755.06,Maize
alluvial,24.78,54.78,675.95,Maize
laterite,22.0,55.43,627.88,Maize
loamy,19.13,53.02,653.21,Maize
laterite,27.89,51.28,663.04,Maize
black,24.52,51.25,833.16,Maize
laterite,30.67,61.68,778.21,Maize
black,23.33,50.12,640.7,Maize
alluvial,29.95,69.07,667.61,Maize
black,28.28,66.0,859.12,Maize
sandy,21.07,58.72,511.61,Maize
black,27.36,65.96,789.67,Maize
black,30.87,69.61,713.65,Maize
black,26.29,63.26,533.58,Maize
black,19.9,59.23,520.11,Maize
black,22.58,59.09,635.0,Maize
clay,21.9,69.02,668.63,Maize
sandy,24.58,64.98,520.83,Maize
clay,21.14,51.37,882.91,Maize
clay,28.56,68.99,579.74,Maize
clay,26.7,54.77,689.42,Maize
sandy,25.9,54.36,779.79,Maize
clay,20.35,62.14,799.17,Maize
laterite,28.89,53.28,624.42,Maize
black,18.36,56.24,770.94,Maize
alluvial,23.55,64.3,530.4,Maize
sandy,29.63,54.86,778.88,Maize
laterite,29.9,62.01,548.42,Maize
sandy,28.96,56.94,671.35,Maize
black,18.97,62.95,505.06,Maize
alluvial,29.51,52.11,884.32,Maize
loamy,30.48,59.19,561.2,Maize
laterite,28.27,69.31,608.03,Maize
laterite,28.84,59.3,830.29,Maize
clay,21.76,67.03,832.29,Maize
laterite,21.9,59.02,800.19,Maize
sandy,26.54,57.58,511.48,Maize
sandy,20.55,54.24,819.13,Maize
laterite,21.92,61.92,852.04,Maize
alluvial,18.14,68.96,534.25,Maize
black,23.69,61.1,596.13,Maize
clay,27.04,59.82,817.17,Maize
alluvial,22.12,58.09,597.32,Maize
black,26.14,59.47,712.37,Maize
black,31.95,61.01,640.72,Maize
loamy,21.79,55.03,548.26,Maize
alluvial,22.42,64.86,880.35,Maize
alluvial,20.59,54.33,693.68,Maize
clay,26.25,65.2,738.72,Maize
sandy,29.66,55.92,644.35,Maize
clay,18.2,60.68,609.72,Maize
black,25.75,63.95,550.51,Maize
black,19.44,50.25,613.74,Maize
black,24.17,53.69,520.55,Maize
laterite,19.6,51.31,696.7,Maize
laterite,26.81,51.07,559.68,Maize
laterite,31.29,51.7,599.28,Maize
loamy,31.47,82.13,1769.81,Banana
sandy,31.64,77.61,1899.35,Banana
laterite,32.9,89.8,1235.92,Banana
loamy,20.9,89.2,1009.16,Banana
loamy,29.38,75.29,989.31,Banana
black,22.61,71.5,902.94,Banana
sandy,30.34,79.4,935.9,Banana
alluvial,30.6,84.06,1399.43,Banana
laterite,23.5,75.29,1770.37,Banana
laterite,29.92,88.67,1367.65,Banana
loamy,23.37,72.98,1192.2,Banana
alluvial,21.07,73.32,1238.37,Banana
black,32.36,88.42,1383.07,Banana
laterite,30.33,83.99,1936.94,Banana
black,28.1,78.76,1557.84,Banana
loamy,31.02,82.07,928.45,Banana
clay,34.43,86.72,1532.72,Banana
clay,34.99,83.45,1196.46,Banana
black,31.45,73.5,1470.86,Banana
alluvial,33.74,73.63,1543.86,Banana
black,32.21,89.38,1417.01,Banana
sandy,25.0,83.4,1843.51,Banana
black,26.17,79.91,1628.84,Banana
sandy,32.2,81.0,1400.31,Banana
laterite,23.79,72.32,1749.8,Banana
black,32.37,70.02,1856.3,Banana
black,26.2,73.75,1297.96,Banana
laterite,29.38,85.2,1123.91,Banana
black,21.97,75.76,1868.93,Banana
loamy,21.82,89.46,1569.76,Banana
black,30.65,76.22,915.04,Banana
black,21.4,89.85,1904.22,Banana
alluvial,34.21,82.95,1069.37,Banana
black,24.38,84.11,1357.04,Banana
black,34.7,74.87,1506.39,Banana
loamy,22.86,81.99,1720.92,Banana
black,32.96,75.52,1769.01,Banana
clay,25.1,85.75,1193.89,Banana
alluvial,24.24,75.97,1545.63,Banana
sandy,27.34,72.97,1492.44,Banana
sandy,24.99,85.26,1314.93,Banana
black,33.04,89.62,1162.69,Banana
alluvial,23.5,85.51,948.01,Banana
alluvial,27.09,88.27,1319.35,Banana
clay,31.89,83.04,1067.32,Banana
clay,21.89,89.31,1265.19,Banana
black,33.11,78.81,1478.55,Banana
loamy,20.23,72.88,1858.03,Banana
laterite,21.12,85.63,1191.53,Banana
alluvial,30.39,83.0,1836.94,Banana
alluvial,32.89,77.6,1248.33,Banana
laterite,33.31,79.76,1495.12,Banana
loamy,21.03,82.62,1913.02,Banana
alluvial,31.2,78.68,1008.29,Banana
sandy,30.56,72.01,1083.0,Banana
sandy,33.55,70.92,1775.76,Banana
black,25.38,78.61,1168.62,Banana
clay,28.49,85.85,1086.98,Banana
black,29.14,77.65,1651.45,Banana
sandy,33.69,72.86,1407.26,Banana
black,28.27,76.67,1719.13,Sugarcane
black,36.22,76.94,1126.38,Sugarcane
black,37.01,84.69,1239.32,Sugarcane
black,32.43,71.42,1241.7,Sugarcane
sandy,35.36,62.67,1305.09,Sugarcane
alluvial,30.35,84.82,1236.18,Sugarcane
alluvial,27.12,60.2,1692.05,Sugarcane
sandy,37.52,82.77,1596.14,Sugarcane
loamy,33.96,65.75,1641.55,Sugarcane
alluvial,31.46,75.52,1542.21,Sugarcane
clay,33.81,77.02,1109.42,Sugarcane
black,36.26,76.16,1247.15,Sugarcane
sandy,20.6,69.12,1105.13,Sugarcane
laterite,25.88,70.39,1160.64,Sugarcane
sandy,35.78,69.15,1401.44,Sugarcane
black,34.95,66.42,1659.75,Sugarcane
clay,37.41,67.38,1696.32,Sugarcane
loamy,28.43,61.88,1603.32,Sugarcane
laterite,35.48,78.11,1783.95,Sugarcane
laterite,26.58,79.77,1011.13,Sugarcane
sandy,22.22,69.21,1599.21,Sugarcane
clay,30.52,80.56,1752.23,Sugarcane
laterite,32.15,71.79,1495.64,Sugarcane
alluvial,25.9,75.25,1518.12,Sugarcane
black,34.83,82.73,1241.75,Sugarcane
black,22.1,61.13,1029.77,Sugarcane
black,22.09,65.87,1430.04,Sugarcane
laterite,28.17,76.76,1594.51,Sugarcane
black,27.54,78.56,1123.62,Sugarcane
sandy,31.79,80.84,1492.52,Sugarcane
loamy,20.59,69.26,1354.71,Sugarcane
laterite,35.4,62.48,1548.54,Sugarcane
sandy,36.23,76.12,1048.44,Sugarcane
black,23.42,63.05,1678.43,Sugarcane
clay,21.65,65.3,1511.59,Sugarcane
laterite,20.91,68.34,1791.06,Sugarcane
laterite,23.69,80.75,1443.37,Sugarcane
loamy,23.89,81.74,1262.85,Sugarcane
loamy,34.2,74.9,1221.82,Sugarcane
clay,37.78,73.51,1638.81,Sugarcane
loamy,31.9,60.64,1011.89,Sugarcane
loamy,30.6,60.39,1212.29,Sugarcane
black,33.35,73.15,1596.53,Sugarcane
black,28.07,69.05,1474.93,Sugarcane
alluvial,29.07,83.64,1034.69,Sugarcane
clay,29.39,71.45,1771.22,Sugarcane
clay,37.97,81.18,1341.02,Sugarcane
clay,28.82,82.74,1058.79,Sugarcane
laterite,25.8,63.71,1100.95,Sugarcane
laterite,31.4,73.71,1260.15,Sugarcane
clay,29.55,71.34,1484.34,Sugarcane
laterite,34.28,62.86,1523.77,Sugarcane
loamy,32.98,65.38,1361.24,Sugarcane
alluvial,27.45,80.69,1318.98,Sugarcane
sandy,21.71,70.67,1532.09,Sugarcane
clay,37.16,77.17,1379.41,Sugarcane
alluvial,34.97,62.33,1077.25,Sugarcane
laterite,26.71,63.25,1047.98,Sugarcane
alluvial,30.11,76.75,1328.65,Sugarcane
clay,36.94,70.57,1732.67,Sugarcane
laterite,34.53,62.01,675.82,Cotton
clay,27.61,53.09,741.09,Cotton
sandy,25.25,61.13,557.44,Cotton
laterite,28.61,66.14,922.58,Cotton
alluvial,29.2,62.85,513.13,Cotton
alluvial,32.44,55.35,590.21,Cotton
loamy,31.44,68.43,675.51,Cotton
loamy,33.05,61.33,700.39,Cotton
laterite,31.11,69.44,545.88,Cotton
sandy,23.23,58.4,670.45,Cotton
laterite,24.67,56.49,970.7,Cotton
laterite,21.27,51.05,578.7,Cotton
black,20.75,51.63,721.56,Cotton
laterite,27.28,58.84,636.58,Cotton
alluvial,21.71,58.6,641.62,Cotton
loamy,28.9,60.54,654.21,Cotton
sandy,25.93,61.99,503.84,Cotton
sandy,34.18,65.35,882.08,Cotton
loamy,24.92,50.15,873.51,Cotton
laterite,21.94,60.65,615.06,Cotton
alluvial,32.5,66.12,536.04,Cotton
sandy,20.63,50.37,960.58,Cotton
black,28.64,61.47,854.75,Cotton
loamy,24.34,58.1,983.1,Cotton
sandy,32.02,62.36,916.01,Cotton
laterite,21.32,66.89,621.66,Cotton
alluvial,26.01,51.57,935.26,Cotton
laterite,25.09,56.66,584.07,Cotton
sandy,29.5,60.61,596.95,Cotton
loamy,25.27,69.16,822.72,Cotton
laterite,23.54,52.93,598.64,Cotton
alluvial,22.29,65.18,537.68,Cotton
black,27.41,65.09,879.94,Cotton
laterite,30.22,67.64,821.5,Cotton
black,24.85,69.42,658.07,Cotton
sandy,21.02,58.84,651.41,Cotton
black,28.87,57.04,537.1,Cotton
clay,26.78,51.14,915.85,Cotton
laterite,29.67,69.55,545.15,Cotton
alluvial,27.61,59.25,777.16,Cotton
alluvial,33.44,58.99,904.91,Cotton
clay,22.82,62.1,750.68,Cotton
alluvial,26.76,66.22,918.69,Cotton
alluvial,21.26,62.92,519.57,Cotton
loamy,26.57,58.79,761.37,Cotton
sandy,25.46,68.36,693.71,Cotton
sandy,30.18,51.05,815.44,Cotton
sandy,20.99,51.89,839.19,Cotton
laterite,23.78,67.03,982.21,Cotton
loamy,33.1,56.67,791.37,Cotton
alluvial,33.75,56.2,828.03,Cotton
sandy,25.88,61.9,969.0,Cotton
loamy,28.38,62.87,664.24,Cotton
alluvial,30.05,66.58,869.39,Cotton
laterite,33.69,51.87,835.23,Cotton
loamy,25.43,57.25,590.13,Cotton
loamy,25.13,65.32,596.0,Cotton
laterite,22.32,55.92,894.06,Cotton
clay,31.56,66.7,941.84,Cotton
laterite,29.93,67.53,809.02,Cotton
laterite,23.77,53.24,732.54,Groundnut
black,28.09,53.31,575.07,Groundnut
laterite,23.64,64.39,787.84,Groundnut
laterite,22.85,64.97,579.57,Groundnut
loamy,22.39,69.31,713.75,Groundnut
black,23.68,68.94,793.78,Groundnut
black,27.69,65.56,601.16,Groundnut
loamy,29.66,66.34,720.5,Groundnut
sandy,28.73,51.04,592.24,Groundnut
clay,25.55,52.05,738.36,Groundnut
laterite,22.85,65.26,509.12,Groundnut
loamy,21.47,58.75,778.57,Groundnut
black,28.17,67.69,772.19,Groundnut
clay,20.53,60.04,494.31,Groundnut
alluvial,23.75,50.56,772.33,Groundnut
sandy,26.5,65.83,455.04,Groundnut
alluvial,29.17,59.45,732.44,Groundnut
clay,24.69,62.31,762.34,Groundnut
alluvial,22.56,66.7,619.52,Groundnut
loamy,26.09,58.47,710.47,Groundnut
laterite,23.01,50.95,567.93,Groundnut
laterite,24.57,52.22,762.06,Groundnut
alluvial,25.36,62.64,630.02,Groundnut
loamy,21.44,58.58,645.92,Groundnut
laterite,25.71,53.75,667.29,Groundnut
laterite,29.75,51.35,610.42,Groundnut
black,27.86,60.15,408.13,Groundnut
alluvial,20.44,57.74,549.32,Groundnut
alluvial,20.16,65.77,537.92,Groundnut
sandy,26.57,52.07,632.76,Groundnut
alluvial,21.33,57.05,535.42,Groundnut
alluvial,21.75,65.58,585.85,Groundnut
alluvial,24.79,53.65,453.94,Groundnut
clay,27.76,59.15,517.38,Groundnut
sandy,27.91,67.72,526.24,Groundnut
sandy,25.15,69.78,617.21,Groundnut
clay,20.37,62.94,514.44,Groundnut
sandy,28.66,56.64,449.79,Groundnut
black,24.37,58.0,575.89,Groundnut
sandy,23.39,53.74,676.83,Groundnut
alluvial,29.24,60.39,720.46,Groundnut
loamy,24.24,58.61,798.04,Groundnut
alluvial,25.45,56.42,432.03,Groundnut
loamy,22.96,58.92,687.07,Groundnut
sandy,26.9,57.03,416.94,Groundnut
clay,26.15,58.7,655.79,Groundnut
alluvial,20.75,62.75,545.32,Groundnut
laterite,26.79,69.06,457.11,Groundnut
loamy,26.78,58.76,450.49,Groundnut
laterite,27.79,57.33,553.14,Groundnut
sandy,20.32,53.07,579.97,Groundnut
laterite,23.72,65.26,629.57,Groundnut
clay,23.67,56.29,511.48,Groundnut
laterite,20.26,53.72,607.1,Groundnut
loamy,21.18,65.5,681.62,Groundnut
black,29.96,55.71,766.59,Groundnut
loamy,22.0,52.71,429.62,Groundnut
alluvial,28.99,58.9,435.12,Groundnut
alluvial,29.68,69.73,667.14,Groundnut
loamy,20.65,60.84,756.53,Groundnut
sandy,20.68,58.55,491.31,Mustard
loamy,17.63,42.43,360.29,Mustard
laterite,13.55,49.88,408.27,Mustard
laterite,15.53,56.07,465.49,Mustard
alluvial,23.26,41.31,419.45,Mustard
laterite,20.78,50.51,530.75,Mustard
black,11.11,59.45,492.7,Mustard
laterite,16.99,50.35,338.5,Mustard
black,19.6,43.64,589.88,Mustard
laterite,17.54,57.36,549.42,Mustard
alluvial,12.3,43.29,396.8,Mustard
sandy,13.38,58.95,455.67,Mustard
laterite,22.69,45.01,490.52,Mustard
clay,14.12,52.5,484.33,Mustard
loamy,17.54,43.37,582.48,Mustard
sandy,12.57,52.49,570.6,Mustard
clay,22.64,51.27,547.57,Mustard
sandy,11.22,58.97,531.31,Mustard
alluvial,19.77,55.34,424.98,Mustard
alluvial,10.45,57.78,463.67,Mustard
alluvial,24.35,49.66,541.41,Mustard
loamy,16.09,49.07,506.58,Mustard
laterite,16.59,49.69,361.21,Mustard
sandy,12.16,57.23,395.79,Mustard
laterite,24.63,42.62,411.16,Mustard
black,11.59,44.83,336.76,Mustard
black,13.72,41.94,387.06,Mustard
loamy,22.96,48.36,588.81,Mustard
loamy,22.2,58.68,516.34,Mustard
black,21.45,49.97,454.42,Mustard
black,23.19,49.95,327.01,Mustard
sandy,17.58,59.33,364.54,Mustard
alluvial,10.73,45.63,479.26,Mustard
clay,20.09,45.71,302.45,Mustard
black,16.46,57.65,518.25,Mustard
loamy,15.49,48.01,471.08,Mustard
black,15.44,45.77,415.9,Mustard
alluvial,21.47,45.59,596.73,Mustard
sandy,19.17,42.57,329.0,Mustard
loamy,21.92,46.78,581.68,Mustard
clay,12.99,50.18,450.02,Mustard
laterite,10.58,54.27,541.19,Mustard
sandy,16.85,52.13,454.65,Mustard
laterite,23.97,46.37,417.89,Mustard
laterite,21.09,45.98,400.91,Mustard
clay,17.99,54.17,389.94,Mustard
laterite,15.53,53.48,593.97,Mustard
alluvial,14.62,57.98,561.63,Mustard
laterite,10.4,49.49,590.12,Mustard
loamy,18.66,54.43,475.06,Mustard
black,17.86,54.42,532.38,Mustard
alluvial,12.22,53.61,309.47,Mustard
loamy,11.65,40.38,394.11,Mustard
laterite,16.19,44.08,450.55,Mustard
clay,23.81,57.46,520.75,Mustard
alluvial,20.59,50.37,468.27,Mustard
black,17.18,47.54,587.01,Mustard
alluvial,23.68,46.85,406.29,Mustard
black,20.21,56.07,379.31,Mustard
loamy,12.88,44.93,467.43,Mustard
alluvial,23.06,59.65,608.47,Barley
sandy,11.32,54.1,426.82,Barley
sandy,16.97,58.69,588.67,Barley
black,9.95,53.53,451.88,Barley
sandy,21.09,59.09,621.85,Barley
black,8.67,59.11,331.61,Barley
laterite,18.5,54.95,385.59,Barley
clay,12.34,51.24,408.65,Barley
alluvial,17.85,51.74,396.98,Barley
clay,22.48,44.51,393.13,Barley
loamy,14.61,54.35,340.22,Barley
black,8.08,51.01,671.64,Barley
alluvial,18.45,57.61,490.28,Barley
alluvial,11.19,59.28,428.47,Barley
loamy,8.95,55.37,560.92,Barley
loamy,16.56,54.46,674.67,Barley
clay,14.69,56.75,673.57,Barley
alluvial,23.95,47.94,498.15,Barley
clay,23.39,58.52,650.7,Barley
sandy,12.77,52.06,671.38,Barley
black,12.55,59.78,517.32,Barley
sandy,22.23,42.68,501.69,Barley
black,11.08,42.25,365.0,Barley
sandy,18.37,54.37,305.63,Barley
loamy,20.65,51.36,602.91,Barley
black,17.78,52.77,462.2,Barley
loamy,16.24,41.73,567.7,Barley
clay,23.71,49.55,674.33,Barley
sandy,12.17,44.71,601.5,Barley
alluvial,12.83,54.46,304.57,Barley
black,13.75,44.73,567.11,Barley
alluvial,12.91,48.11,501.01,Barley
sandy,20.32,53.81,555.48,Barley
black,13.88,44.42,682.94,Barley
black,10.45,54.95,542.3,Barley
alluvial,19.23,58.26,602.94,Barley
laterite,21.21,55.24,572.14,Barley
alluvial,21.97,41.64,478.7,Barley
laterite,13.79,58.34,344.88,Barley
loamy,22.45,44.04,514.66,Barley
loamy,13.25,50.41,346.5,Barley
black,19.47,49.78,659.56,Barley
black,20.94,49.07,505.3,Barley
sandy,17.02,51.18,569.11,Barley
alluvial,19.57,47.92,626.58,Barley
alluvial,11.49,41.46,469.48,Barley
clay,9.02,59.88,673.83,Barley
loamy,23.78,49.44,414.84,Barley
alluvial,20.3,55.32,691.33,Barley
black,23.42,47.49,656.53,Barley
alluvial,21.91,58.14,450.26,Barley
sandy,23.43,57.49,353.2,Barley
loamy,9.9,59.86,457.22,Barley
clay,19.65,44.45,301.39,Barley
black,23.66,49.26,587.64,Barley
sandy,16.51,56.47,399.0,Barley
clay,10.48,43.77,650.08,Barley
clay,8.52,53.2,545.97,Barley
black,11.85,41.35,537.58,Barley
alluvial,17.56,54.07,319.47,Barley
clay,20.44,68.78,923.86,Soybean
alluvial,21.4,79.87,740.5,Soybean
sandy,25.76,71.55,1063.52,Soybean
laterite,22.37,77.53,1191.42,Soybean
laterite,22.21,66.01,636.57,Soybean
black,28.8,78.23,975.6,Soybean
alluvial,25.56,60.94,806.65,Soybean
black,26.71,75.72,791.24,Soybean
laterite,24.08,66.0,710.33,Soybean
alluvial,24.74,76.99,780.44,Soybean
black,21.44,69.26,634.57,Soybean
loamy,29.68,71.15,680.46,Soybean
black,22.55,66.61,647.44,Soybean
loamy,28.47,61.85,1034.75,Soybean
clay,20.52,67.54,962.98,Soybean
alluvial,28.74,63.76,1057.02,Soybean
sandy,26.71,64.34,725.33,Soybean
loamy,23.03,78.18,727.08,Soybean
black,29.62,62.35,1199.74,Soybean
black,29.14,73.91,1022.26,Soybean
black,29.15,71.04,1065.31,Soybean
sandy,24.66,72.97,785.05,Soybean
alluvial,25.13,69.95,659.16,Soybean
sandy,24.69,76.79,1148.6,Soybean
alluvial,23.13,60.91,1118.45,Soybean
laterite,21.46,65.22,1160.85,Soybean
loamy,27.2,65.9,717.72,Soybean
alluvial,23.8,76.67,899.58,Soybean
black,29.43,66.75,1058.02,Soybean
loamy,29.67,72.83,894.36,Soybean
laterite,27.33,67.04,683.98,Soybean
alluvial,24.88,78.34,925.28,Soybean
clay,29.57,70.48,1103.44,Soybean
black,29.45,73.36,1058.6,Soybean
loamy,21.37,72.61,640.78,Soybean
laterite,20.09,70.11,823.92,Soybean
alluvial,26.38,78.68,1147.65,Soybean
clay,24.88,60.13,930.99,Soybean
sandy,20.17,74.44,921.44,Soybean
loamy,20.17,76.26,1004.42,Soybean
loamy,21.07,61.93,689.34,Soybean
black,26.2,65.05,812.66,Soybean
loamy,20.79,79.19,875.4,Soybean
clay,29.9,64.52,1010.42,Soybean
clay,26.54,77.16,1055.75,Soybean
alluvial,24.05,67.54,885.6,Soybean
black,20.09,63.43,899.92,Soybean
clay,26.45,66.63,1186.4,Soybean
alluvial,28.95,78.38,737.86,Soybean
clay,28.88,69.51,627.94,Soybean
alluvial,26.84,65.61,925.82,Soybean
loamy,20.33,78.58,788.69,Soybean
black,25.87,75.05,1027.63,Soybean
laterite,29.29,65.99,938.37,Soybean
sandy,28.35,67.78,1137.92,Soybean
alluvial,23.84,74.79,1074.3,Soybean
clay,27.24,70.02,1184.59,Soybean
laterite,20.98,64.64,645.61,Soybean
sandy,27.69,79.1,838.02,Soybean
black,20.3,65.47,1195.55,Soybean
loamy,27.28,83.83,1875.77,Coconut
laterite,31.8,86.52,1354.25,Coconut
sandy,27.95,76.16,1332.31,Coconut
alluvial,26.54,87.79,2341.02,Coconut
sandy,28.9,79.02,1364.74,Coconut
clay,29.45,89.03,1384.02,Coconut
black,26.87,81.22,2198.53,Coconut
laterite,26.03,72.24,2197.6,Coconut
sandy,30.98,78.11,1893.43,Coconut
laterite,29.14,89.48,2504.72,Coconut
loamy,34.05,94.45,2229.53,Coconut
sandy,31.85,74.24,1684.05,Coconut
black,29.93,71.58,1982.42,Coconut
loamy,28.0,89.57,1850.02,Coconut
black,32.21,82.4,2310.0,Coconut
sandy,26.07,77.62,2907.88,Coconut
black,33.42,79.5,2751.96,Coconut
laterite,28.35,90.39,2747.12,Coconut
loamy,26.36,78.02,2905.1,Coconut
sandy,29.79,74.44,1916.83,Coconut
laterite,27.91,87.37,2083.81,Coconut
black,32.82,78.15,1704.54,Coconut
laterite,28.65,93.3,1559.64,Coconut
alluvial,26.8,89.19,1248.45,Coconut
sandy,29.62,87.71,1989.22,Coconut
black,33.31,71.73,2726.02,Coconut
sandy,31.73,73.48,1745.1,Coconut
clay,31.59,87.88,2620.34,Coconut
laterite,29.49,84.95,2248.04,Coconut
laterite,30.07,93.01,2445.08,Coconut
laterite,25.37,94.21,2462.94,Coconut
loamy,30.94,92.86,1396.86,Coconut
clay,31.58,78.88,2364.6,Coconut
sandy,30.63,86.13,2364.14,Coconut
sandy,34.66,80.76,1218.99,Coconut
alluvial,27.22,88.67,2204.39,Coconut
alluvial,30.75,81.14,1904.04,Coconut
clay,30.89,82.51,1820.94,Coconut
clay,29.83,77.39,2856.99,Coconut
sandy,26.16,93.52,1455.02,Coconut
sandy,28.43,89.61,2138.01,Coconut
sandy,29.76,80.95,2454.17,Coconut
clay,25.67,71.12,2479.4,Coconut
loamy,33.49,86.2,2418.85,Coconut
laterite,34.3,88.51,2128.79,Coconut
loamy,26.6,84.0,2925.23,Coconut
alluvial,32.98,85.74,1535.5,Coconut
loamy,29.32,70.73,2305.39,Coconut
loamy,29.5,80.74,1208.01,Coconut
clay,27.06,88.81,2655.71,Coconut
sandy,30.77,89.99,2166.4,Coconut
black,28.26,81.44,1672.24,Coconut
laterite,30.28,85.98,2274.55,Coconut
black,28.93,72.86,1833.57,Coconut
sandy,31.17,90.34,2470.78,Coconut
sandy,34.19,84.75,2409.8,Coconut
alluvial,26.18,77.63,1529.48,Coconut
laterite,26.41,79.71,2273.57,Coconut
alluvial,28.84,74.64,2343.9,Coconut
loamy,34.19,93.27,1511.82,Coconut
black,23.88,52.81,525.83,Tomato
black,25.43,67.31,780.74,Tomato
laterite,19.64,66.3,785.53,Tomato
alluvial,25.84,58.18,596.69,Tomato
clay,28.08,59.77,433.07,Tomato
loamy,27.55,54.41,413.08,Tomato
alluvial,24.45,53.36,582.93,Tomato
laterite,27.27,59.91,604.32,Tomato
sandy,19.37,65.5,729.31,Tomato
black,24.5,65.14,704.0,Tomato
alluvial,24.56,69.8,440.97,Tomato
black,27.02,55.95,799.73,Tomato
clay,21.15,67.24,434.79,Tomato
laterite,27.31,54.74,724.28,Tomato
black,26.27,67.22,644.1,Tomato
loamy,19.99,52.78,482.65,Tomato
laterite,27.67,61.4,612.91,Tomato
sandy,24.47,56.47,681.62,Tomato
alluvial,24.87,69.05,605.77,Tomato
black,27.78,52.71,700.04,Tomato
loamy,29.03,69.85,746.82,Tomato
sandy,26.42,52.65,458.5,Tomato
black,27.94,65.23,670.49,Tomato
black,19.71,62.65,651.13,Tomato
clay,23.42,62.67,752.05,Tomato
sandy,22.83,65.0,677.88,Tomato
alluvial,23.46,59.76,632.78,Tomato
alluvial,19.12,69.44,653.94,Tomato
loamy,22.3,51.27,613.77,Tomato
sandy,29.62,66.5,597.89,Tomato
laterite,27.94,56.76,631.17,Tomato
clay,28.23,65.77,757.66,Tomato
clay,18.55,62.52,734.68,Tomato
clay,19.49,67.15,576.51,Tomato
loamy,29.9,58.56,798.28,Tomato
sandy,28.59,56.04,749.77,Tomato
alluvial,19.12,57.21,432.97,Tomato
sandy,28.85,53.31,558.54,Tomato
clay,26.71,65.1,571.69,Tomato
loamy,26.44,50.02,590.72,Tomato
clay,25.12,60.39,578.03,Tomato
black,26.35,66.34,795.26,Tomato
clay,26.33,59.55,491.58,Tomato
sandy,26.77,52.05,525.34,Tomato
loamy,19.65,65.47,701.26,Tomato
laterite,25.7,63.54,427.36,Tomato
alluvial,18.1,63.0,576.04,Tomato
laterite,20.56,64.97,767.96,Tomato
clay,26.24,67.2,434.68,Tomato
sandy,19.68,52.46,692.0,Tomato
sandy,29.56,56.29,455.93,Tomato
alluvial,25.74,54.96,640.4,Tomato
alluvial,25.29,65.58,676.19,Tomato
loamy,28.51,54.11,642.77,Tomato
loamy,26.97,55.91,421.83,Tomato
laterite,23.94,52.25,599.83,Tomato
sandy,18.85,67.77,404.83,Tomato
laterite,29.21,52.64,744.33,Tomato
black,23.05,60.93,469.11,Tomato
clay,29.45,65.41,406.68,Tomato
black,15.18,54.31,676.77,Onion
black,21.59,62.57,550.31,Onion
laterite,20.51,58.05,592.16,Onion
laterite,23.01,55.55,492.97,Onion
sandy,26.97,69.49,446.61,Onion
alluvial,20.08,62.69,650.36,Onion
loamy,23.36,56.2,531.25,Onion
black,15.75,51.72,530.35,Onion
alluvial,22.96,51.1,599.82,Onion
alluvial,24.63,52.39,612.37,Onion
laterite,15.15,59.93,504.01,Onion
loamy,25.18,64.42,450.09,Onion
clay,24.75,67.47,619.88,Onion
sandy,25.03,50.59,642.13,Onion
alluvial,21.81,55.26,692.52,Onion
black,16.0,59.1,508.04,Onion
clay,26.17,53.34,447.19,Onion
alluvial,26.63,63.48,434.6,Onion
loamy,21.61,50.88,658.88,Onion
loamy,15.6,57.28,676.07,Onion
alluvial,27.11,67.15,565.86,Onion
black,24.63,58.39,496.54,Onion
laterite,26.91,56.4,647.8,Onion
loamy,19.85,60.04,670.58,Onion
black,17.9,60.32,413.78,Onion
sandy,15.9,59.3,484.69,Onion
loamy,19.25,61.06,402.39,Onion
loamy,18.79,65.69,621.87,Onion
loamy,21.03,61.83,548.01,Onion
loamy,24.52,60.93,638.79,Onion
sandy,15.08,58.2,469.9,Onion
sandy,23.27,63.87,402.88,Onion
alluvial,15.02,63.15,654.7,Onion
black,19.0,54.1,694.93,Onion
alluvial,21.4,51.2,699.09,Onion
laterite,18.64,50.88,469.44,Onion
alluvial,20.37,67.91,537.54,Onion
black,16.1,51.91,440.05,Onion
loamy,15.97,61.36,530.49,Onion
black,18.08,55.22,494.5,Onion
sandy,24.11,64.71,495.42,Onion
laterite,18.04,68.87,440.83,Onion
sandy,16.42,52.11,534.87,Onion
loamy,20.28,60.72,689.39,Onion
clay,20.87,59.27,655.74,Onion
alluvial,17.05,63.72,647.92,Onion
loamy,22.84,54.3,656.97,Onion
laterite,16.19,54.96,506.72,Onion
loamy,15.64,55.98,646.03,Onion
alluvial,15.4,58.09,535.66,Onion
loamy,22.15,51.89,430.57,Onion
loamy,16.58,51.23,634.29,Onion
alluvial,16.7,66.47,511.67,Onion
clay,27.19,51.68,575.84,Onion
black,15.28,51.29,670.75,Onion
sandy,25.52,51.84,654.18,Onion
laterite,16.59,68.85,415.19,Onion
black,20.63,64.49,548.84,Onion
loamy,23.88,53.46,464.41,Onion
laterite,18.57,58.92,444.59,Onion
black,19.29,64.92,647.55,Potato
black,23.24,69.58,543.86,Potato
laterite,12.06,63.99,942.33,Potato
clay,13.74,79.88,771.83,Potato
laterite,24.84,75.64,679.56,Potato
sandy,21.72,66.88,782.83,Potato
loamy,15.83,63.6,659.44,Potato
black,10.44,76.21,640.47,Potato
loamy,17.94,75.34,999.8,Potato
alluvial,11.5,73.14,633.26,Potato
black,10.84,79.93,609.71,Potato
loamy,15.32,76.78,922.61,Potato
sandy,13.55,66.36,869.05,Potato
laterite,23.71,60.56,850.28,Potato
black,18.45,71.26,594.12,Potato
clay,18.13,63.51,518.98,Potato
clay,13.49,64.38,763.22,Potato
sandy,14.98,72.28,903.22,Potato
sandy,20.75,78.38,922.14,Potato
loamy,10.89,62.95,852.35,Potato
clay,21.62,76.93,930.33,Potato
clay,15.6,78.84,697.8,Potato
alluvial,15.05,66.45,987.93,Potato
alluvial,24.23,75.84,980.33,Potato
laterite,14.76,74.14,780.99,Potato
loamy,21.8,64.46,794.48,Potato
loamy,15.68,74.68,647.26,Potato
black,20.93,78.98,974.35,Potato
loamy,22.76,75.42,783.74,Potato
loamy,19.04,78.42,983.77,Potato
sandy,19.59,62.08,748.09,Potato
loamy,21.18,64.76,991.19,Potato
alluvial,19.54,79.26,910.83,Potato
sandy,19.59,77.73,723.31,Potato
clay,13.15,73.86,675.24,Potato
black,20.81,60.96,719.11,Potato
black,24.54,77.69,746.54,Potato
laterite,15.27,67.51,914.4,Potato
clay,19.76,73.74,581.33,Potato
sandy,21.99,60.67,510.04,Potato
black,24.27,61.48,585.05,Potato
clay,12.41,61.5,970.92,Potato
alluvial,15.07,79.71,946.61,Potato
black,10.46,78.85,582.5,Potato
loamy,12.36,62.03,602.78,Potato
laterite,16.14,71.08,962.79,Potato
clay,13.98,65.63,618.77,Potato
clay,15.89,70.99,745.47,Potato
alluvial,15.41,68.55,647.27,Potato
loamy,19.38,69.61,548.49,Potato
clay,12.56,65.84,540.97,Potato
alluvial,14.63,67.95,744.55,Potato
sandy,13.98,72.84,693.76,Potato
sandy,23.28,67.39,722.89,Potato
laterite,16.6,65.27,918.54,Potato
clay,10.92,75.04,833.73,Potato
laterite,20.02,76.16,706.99,Potato
laterite,13.41,61.22,693.55,Potato
black,16.28,70.71,933.45,Potato
black,18.59,64.71,649.43,Potato
laterite,33.54,84.29,1502.1,Turmeric
clay,32.01,83.55,1620.27,Turmeric
loamy,34.24,78.98,1949.06,Turmeric
black,34.58,86.17,1126.19,Turmeric
alluvial,21.18,83.66,1201.92,Turmeric
alluvial,22.22,81.9,1319.75,Turmeric
black,33.71,71.34,1388.1,Turmeric
clay,28.28,87.13,1519.69,Turmeric
black,31.8,82.46,1522.56,Turmeric
laterite,21.69,72.99,1566.59,Turmeric
laterite,31.38,88.79,1924.93,Turmeric
sandy,31.69,85.71,1867.48,Turmeric
laterite,33.17,75.28,1654.79,Turmeric
loamy,29.13,70.75,1275.41,Turmeric
black,29.27,83.62,1401.72,Turmeric
alluvial,33.34,76.63,1237.58,Turmeric
sandy,27.13,75.37,1372.44,Turmeric
black,32.26,76.06,1280.35,Turmeric
loamy,32.87,83.7,1972.5,Turmeric
sandy,22.02,89.48,1443.11,Turmeric
loamy,24.04,78.34,1645.55,Turmeric
black,26.63,88.27,1407.17,Turmeric
laterite,31.39,87.34,1821.02,Turmeric
black,31.87,71.31,1709.57,Turmeric
clay,22.03,87.03,1879.33,Turmeric
clay,22.61,87.5,1200.73,Turmeric
alluvial,23.74,79.13,1918.03,Turmeric
black,22.99,77.37,1464.22,Turmeric
sandy,29.53,72.48,1030.56,Turmeric
black,27.33,78.92,1960.52,Turmeric
sandy,28.8,77.0,1163.51,Turmeric
black,31.23,83.78,1285.07,Turmeric
loamy,20.74,87.08,1779.83,Turmeric
sandy,32.86,82.95,1677.7,Turmeric
alluvial,29.77,80.27,1864.63,Turmeric
laterite,20.13,88.23,1647.37,Turmeric
sandy,32.01,74.48,1608.34,Turmeric
black,30.69,84.19,1275.38,Turmeric
sandy,32.77,79.18,1218.21,Turmeric
clay,30.16,86.49,1397.15,Turmeric
sandy,20.11,89.99,1966.49,Turmeric
alluvial,28.42,81.88,1282.68,Turmeric
alluvial,21.62,71.28,1988.36,Turmeric
alluvial,24.88,75.54,1656.12,Turmeric
clay,24.48,73.0,1765.47,Turmeric
alluvial,32.08,86.05,1600.03,Turmeric
black,24.79,72.8,1025.46,Turmeric
black,34.96,75.19,1418.57,Turmeric
loamy,31.05,81.66,1994.75,Turmeric
alluvial,25.15,84.27,1686.32,Turmeric
laterite,31.77,88.13,1671.87,Turmeric
laterite,24.5,73.4,1657.61,Turmeric
sandy,22.72,71.95,1127.94,Turmeric
alluvial,30.88,81.18,1912.62,Turmeric
loamy,33.49,83.09,1222.25,Turmeric
sandy,31.16,76.14,1788.09,Turmeric
clay,25.58,81.71,1463.76,Turmeric
laterite,27.06,87.33,1583.57,Turmeric
alluvial,21.07,87.79,1500.48,Turmeric
loamy,25.73,75.97,1054.06,Turmeric
